测试套,测试用例,状态,备注
OpenEXR,oe_test_OpenEXR_cmd,通过,
,oe_test_OpenEXR_exrstdattr_02,通过,
,oe_test_OpenEXR_exrenvmap_exrmakepreview,通过,
,oe_test_OpenEXR_exrstdattr_03,通过,
,oe_test_OpenEXR_exrstdattr_01,通过,
,oe_test_OpenEXR_exrenvmap,通过,
,oe_test_OpenEXR_exrmaketiled,通过,
pcp-export-pcp2json,oe_test_pcp2json_03,通过,
,oe_test_pcp2json_01,通过,
,oe_test_pcp2json_02,通过,
,oe_test_pcp2json_05,通过,
,oe_test_pcp2json_04,通过,
obs-server,oe_test_service_obs-delayedjob-queue-default,未通过（分析中）,
,oe_test_service_obsdispatcher,通过,
,oe_test_service_obsgetbinariesproxy,通过,
,oe_test_service_obssigner,通过,
,oe_test_service_obs-delayedjob-queue-project_log_rotate,未通过（分析中）,
,oe_test_service_obsnotifyforward,通过,
,oe_test_service_obsrepserver,通过,
,oe_test_service_obs-delayedjob-queue-releasetracking,未通过（分析中）,
,oe_test_target_obs-api-support,通过,
,oe_test_service_obswarden,通过,
,oe_test_service_obs-sphinx,未通过（分析中）,
,oe_test_obs-server,未通过（分析中）,
,oe_test_service_obsapisetup,未通过（分析中）,
,oe_test_service_obs-delayedjob-queue-mailers,未通过（分析中）,
,oe_test_service_obspublisher,通过,
,oe_test_service_obsstoragesetup,通过,
,oe_test_service_obs-clockwork,未通过（分析中）,
,oe_test_service_obssrcserver,通过,
,oe_test_service_obsdodup,通过,
,oe_test_service_obsdeltastore,通过,
,oe_test_service_obsworker,通过,
,oe_test_service_obsservicedispatch,通过,
,oe_test_service_obsservice,通过,
,oe_test_service_obs-delayedjob-queue-issuetracking,未通过（分析中）,
,oe_test_service_obs-delayedjob-queue-staging,未通过（分析中）,
,oe_test_service_obsscheduler,通过,
,oe_test_service_obs-delayedjob-queue-consistency_check,未通过（分析中）,
tuned,oe_test_service_tuned,未通过（分析中）,
gradle,oe_test_gradle_01,未通过（分析中）,
,oe_test_gradle_02,未通过（分析中）,
,oe_test_gradle_03,未通过（分析中）,
,oe_test_gradle_04,未通过（分析中）,
mc,oe_test_mc_base_01,未通过（分析中）,
,oe_test_mcdiff_01,通过,
,oe_test_mcview_base_01,未通过（分析中）,
,oe_test_mcedit_base_01,未通过（分析中）,
security-tool,oe_test_security_tool,未通过（分析中）,
,oe_test_service_openEuler-security,未通过（分析中）,
multipath-tools,oe_test_socket_multipathd,通过,
,oe_test_service_multipathd,未通过（分析中）,
flatpak,oe_test_service_flatpak-system-helper,未通过（分析中）,
openscap,oe_test_scanning_remote_system,未通过（分析中）,
,oe_test_openscap_01,通过,
,oe_test_fix_anisible,未通过（分析中）,
,oe_test_scanning_system,未通过（分析中）,
,oe_test_assess_safety_compliance,未通过（分析中）,
,oe_test_ensure_security_compliance,通过,
djvulibre,oe_test_djvulibre_05,通过,
,oe_test_djvulibre_03,通过,
,oe_test_djvulibre_01,通过,
,oe_test_djvulibre_02,通过,
,oe_test_djvulibre_04,通过,
logwatch,oe_test_logwatch,未通过（分析中）,
cgdcbxd,oe_test_service_cgdcbxd,通过,
anaconda,oe_test_service_instperf,通过,
,oe_test_service_anaconda-nm-config,通过,
,oe_test_service_anaconda-sshd,通过,
,oe_test_target_anaconda,通过,
,oe_test_service_anaconda-noshell,通过,
,oe_test_service_anaconda-direct,通过,
,oe_test_service_anaconda,通过,
,oe_test_service_anaconda-pre,通过,
,oe_test_service_zram,未通过（分析中）,
bolt,oe_test_service_bolt,未通过（分析中）,
docker-engine,oe_test_service_docker,未通过（分析中）,
discount,oe_test_discount-makepage_01,通过,
,oe_test_discount_markdown_02,通过,
,oe_test_discount-theme_01,通过,
,oe_test_discount_markdown_01,通过,
,oe_test_discount-mkd2html_01,通过,
wireshark,oe_test_tshark_02,未通过（分析中）,
,oe_test_editcap_01,未通过（分析中）,
,oe_test_capinfos,通过,
,oe_test_tshark_03,未通过（分析中）,
,oe_test_text2pcap,通过,
,oe_test_dumpcap_01,未通过（分析中）,
,oe_test_mergecap,未通过（分析中）,
,oe_test_captype,未通过（分析中）,
,oe_test_randpkt-reordercap,通过,
,oe_test_dumpcap_02,未通过（分析中）,
,oe_test_editcap_02,未通过（分析中）,
,oe_test_tshark_01,未通过（分析中）,
javapackages-tools,oe_test_build-classpath,未通过（分析中）,
,oe_test_binary_files_operation,未通过（分析中）,
,oe_test_build-jar-repository,未通过（分析中）,
,oe_test_gradle-local,未通过（分析中）,
,oe_test_javapackages-local,通过,
,oe_test_find-shade-jar,未通过（分析中）,
sqlite,oe_test_sqlite_create_06,通过,
,oe_test_sqlite_command_03,通过,
,oe_test_sqlite_command_06,通过,
,oe_test_sqlite_function_02,通过,
,oe_test_sqlite_command_01,通过,
,oe_test_sqlite_function_04,通过,
,oe_test_sqlite_function_01,通过,
,oe_test_sqlite_update_01,通过,
,oe_test_sqlite_command_02,通过,
,oe_test_sqlite_command_07,通过,
,oe_test_sqlite_command_04,通过,
,oe_test_sqlite_command_05,通过,
,oe_test_sqlite_alter_01,通过,
,oe_test_sqlite_select_05,通过,
,oe_test_sqlite_command_08,通过,
,oe_test_sqlite_function_03,通过,
,oe_test_sqlite_delete_01,通过,
avahi,oe_test_socket_avahi-daemon,通过,
,oe_test_service_avahi-dnsconfd,通过,
,oe_test_service_avahi-daemon,通过,
sendmail,oe_test_service_sendmail,通过,
,oe_test_service_sm-client,通过,
webbench,oe_test_webbench,通过,
jython,oe_test_jython_02,未通过（分析中）,
,oe_test_jython_01,未通过（分析中）,
,oe_test_jython_03,未通过（分析中）,
freeipmi,oe_test_service_ipmidetectd,未通过（分析中）,
,oe_test_service_ipmiseld,未通过（分析中）,
,oe_test_service_bmc-watchdog,未通过（分析中）,
qemu,oe_test_socket_qemu-pr-helper,通过,
,oe_test_service_qemu-guest-agent,未通过（分析中）,
,oe_test_service_qemu-pr-helper,通过,
initscripts,oe_test_service_readonly-root,通过,
,oe_test_service_netconsole,未通过（分析中）,
,oe_test_service_import-state,未通过（分析中）,
,oe_test_service_loadmodules,未通过（分析中）,
openhpi,oe_test_service_openhpid,通过,
ModemManager,oe_test_service_ModemManager,通过,
libstoragemgmt,oe_test_service_libstoragemgmt,通过,
brltty,oe_test_service_brltty,未通过（分析中）,
tog-pegasus,oe_test_service_tog-pegasus,通过,
pcs,oe_test_service_pcsd-ruby,通过,
,oe_test_service_pcsd,通过,
util-linux,oe_test_socket_uuidd,通过,
,oe_test_service_uuidd,通过,
,oe_test_service_fstrim,通过,
prometheus2,oe_test_prometheus_cli,未通过（分析中）,
,oe_test_prometheus_querying_http_api,未通过（分析中）,
,oe_test_prometheus_management_api,未通过（分析中）,
,oe_test_service_prometheus,未通过（分析中）,
,oe_test_prometheus_tsdb,未通过（分析中）,
,oe_test_prometheus_promtool,未通过（分析中）,
rpcbind,oe_test_socket_rpcbind,通过,
,oe_test_service_rpcbind,通过,
proftpd,oe_test_service_proftpd,通过,
,oe_test_socket_proftpd,通过,
lvm2,oe_test_lvm2_vgextend_002,通过,
,oe_test_lvm2_pvchange_001,通过,
,oe_test_lvm2_vgreduce_001,未通过（分析中）,
,oe_test_lvm2_pvmove_002,未通过（分析中）,
,oe_test_lvm2_vgdisplay_001,通过,
,oe_test_socket_dm-event,通过,
,oe_test_lvm2_vgchange_002,通过,
,oe_test_lvm2_vgchange_001,通过,
,oe_test_lvm2_vgrename_001,通过,
,oe_test_service_blk-availability,通过,
,oe_test_lvm2_pvcreate_001,未通过（分析中）,
,oe_test_service_lvmlocks,未通过（分析中）,
,oe_test_service_lvm2-monitor,通过,
,oe_test_socket_lvm2-lvmpolld,通过,
,oe_test_lvm2_vgexport_001,通过,
,oe_test_lvm2_vgcreate_001,通过,
,oe_test_service_lvm2-lvmdbusd,通过,
,oe_test_service_lvm2-lvmpolld,通过,
,oe_test_lvm2_pvdisplay_001,通过,
,oe_test_lvm2_vgextend_001,通过,
,oe_test_lvm2_pvcreate_002,未通过（分析中）,
,oe_test_lvm2_pvmove_001,未通过（分析中）,
,oe_test_service_lvmlockd,未通过（分析中）,
,oe_test_lvm2_pvresize_001,未通过（分析中）,
,oe_test_lvm2_pvdisplay_002,通过,
,oe_test_service_dm-event,通过,
,oe_test_lvm2_pvremove_001,通过,
ipwatchd,oe_test_service_ipwatchd,通过,
ksh,oe_test_ksh,通过,
kf5-kconfig-core,oe_test_kf5-kconfig-core_01,通过,
kexec-tools,oe_test_service_kdump,未通过（分析中）,
fakeroot,oe_test_fakeroot_faked,通过,
,oe_test_fakeroot_base,通过,
mksh,oe_test_mksh,通过,
mpich,oe_test_mpich_mpirun_02,通过,
,oe_test_mpich_mpirun_01,通过,
,oe_test_mpich_mpiexec_02,通过,
,oe_test_mpich_mpiexec_01,通过,
htslib,oe_test_htslib_bgzip_01,通过,
,oe_test_htslib_tabix,通过,
,oe_test_htslib_htsfile,通过,
,oe_test_htslib_bgzip_02,通过,
libzip,oe_test_libzip_zipmerge,通过,
,oe_test_libzip_zipcmp,通过,
,oe_test_libzip_ziptool,通过,
xdelta,oe_test_xdelta_002,通过,
,oe_test_xdelta_001,通过,
,oe_test_xdelta_003,通过,
libwmf,oe_test_libwmf_libwmf-fontmap,未通过（分析中）,
,oe_test_libwmf_wmf2x_02,未通过（分析中）,
,oe_test_libwmf_wmf2svg_02,通过,
,oe_test_libwmf_wmf2fig_03,通过,
,oe_test_libwmf_wmf2gd_02,通过,
,oe_test_libwmf_wmf2gd_01,通过,
,oe_test_libwmf_wmf2x_01,未通过（分析中）,
,oe_test_libwmf_wmf2fig_02,通过,
,oe_test_libwmf_wmf2eps_01,通过,
,oe_test_libwmf_wmf2svg_01,通过,
,oe_test_libwmf_wmf2eps_03,通过,
,oe_test_libwmf_wmf2fig_01,通过,
,oe_test_libwmf_wmf2eps_02,通过,
arptables,oe_test_service_arptables,未通过（分析中）,
haveged,oe_test_service_haveged,通过,
cachefilesd,oe_test_service_cachefilesd,未通过（分析中）,
attr,oe_test_attr,通过,
mac-robber,oe_test_mac-robber,通过,
redis5,oe_test_service_redis5-sentinel,通过,
,oe_test_service_redis5,通过,
,oe_test_redis5_01,通过,
,oe_test_redis5_02,未通过（分析中）,
glib2,oe_test_glib2,未通过（分析中）,
bzip2,oe_test_bzip2,通过,
rng-tools,oe_test_service_rngd,未通过（分析中）,
freeradius,oe_test_freeradius_freeradius-utils_rad_counter,通过,
,oe_test_freeradius_freeradius-utils_radeapclient,未通过（分析中）,
,oe_test_freeradius_freeradius-utils_radsniff,未通过（分析中）,
,oe_test_freeradius_freeradius-utils_radtestAndRadwho,未通过（分析中）,
,oe_test_freeradius_freeradius_raddebugAndCheckrad,通过,
,oe_test_freeradius_freeradius-utils_rlm_ippool_toolAndSmbencrypt,未通过（分析中）,
,oe_test_freeradius_freeradius-utils_radsniff2,未通过（分析中）,
,oe_test_freeradius_freeradius-utils_radwho,未通过（分析中）,
,oe_test_service_radiusd,未通过（分析中）,
,oe_test_freeradius_freeradius-utils_radclient2,未通过（分析中）,
,oe_test_freeradius_freeradius-utils_radlastAndRadsniff,通过,
,oe_test_freeradius_freeradius-utils_radcryptAndRadeapclient,通过,
,oe_test_freeradius_freeradius-utils_radclient,通过,
,oe_test_freeradius_freeradius-utils_radlast,未通过（分析中）,
,oe_test_freeradius_freeradius-utils_radzap,未通过（分析中）,
,oe_test_freeradius_freeradius_radiusd,通过,
,oe_test_freeradius_freeradius-utils_radsqlrelay,未通过（分析中）,
,oe_test_freeradius_freeradius_radiusdAndRadmin,通过,
babeltrace,oe_test_babeltrace,通过,
389-ds-base,oe_test_target_dirsrv,通过,
,oe_test_service_dirsrv-snmp,通过,
rpmlint,oe_test_rpmdiff,通过,
,oe_test_rpmlint,通过,
arpwatch,oe_test_service_arpwatch,通过,
libmemcached,oe_test_memdump-memerror,通过,
,oe_test_memaslap,通过,
,oe_test_memrm,通过,
,oe_test_memcapable,通过,
,oe_test_memtouch,通过,
,oe_test_memcat,通过,
,oe_test_memcp,通过,
,oe_test_memslap,通过,
,oe_test_memstat,通过,
,oe_test_memping,通过,
,oe_test_memflush,通过,
,oe_test_memexist,通过,
docbook-utils,oe_test_docbook-utils_jw_01,通过,
,oe_test_docbook-utils_sgmldiff,通过,
,oe_test_docbook-utils_jw_02,通过,
docbook2X,oe_test_docbook2X_db2x_texixml,通过,
,oe_test_docbook2X_sgml2xml-isoent_03,通过,
,oe_test_docbook2X_db2x_xsltproc,通过,
,oe_test_docbook2X_utf8trans,通过,
,oe_test_docbook2X_sgml2xml-isoent_04,通过,
,oe_test_docbook2X_db2x_docbook2texi_02,通过,
,oe_test_docbook2X_db2x_docbook2texi_01,通过,
,oe_test_docbook2X_sgml2xml-isoent_01,通过,
,oe_test_docbook2X_sgml2xml-isoent_02,通过,
,oe_test_docbook2X_db2x_docbook2man,通过,
,oe_test_docbook2X_db2x_manxml,通过,
sanlock,oe_test_sanlock_base_02,通过,
,oe_test_sanlock_sanlk-reset_01,通过,
,oe_test_sanlock_sanlk-reset_02,通过,
,oe_test_sanlock_base_04,通过,
,oe_test_sanlock_base_01,通过,
,oe_test_sanlock_wdmd,未通过（分析中）,
,oe_test_sanlock_sanlk_resetd,通过,
,oe_test_sanlock_base_03,通过,
tidy,oe_test_tidy_cleanup_options,通过,
,oe_test_tidy_pretty_print_options,通过,
,oe_test_tidy_file_manipulation,通过,
,oe_test_tidy_transformation_options,通过,
,oe_test_tidy_document_in_and_out_options,通过,
,oe_test_tidy_repair_options,通过,
,oe_test_tidy_diagnostics_options,通过,
,oe_test_tidy_processing_directives,通过,
,oe_test_tidy_teaching_tidy_options,通过,
,oe_test_tidy_file_input-output_options,通过,
,oe_test_tidy_entities_options,通过,
,oe_test_tidy_encoding_options,通过,
,oe_test_tidy_character_encodings,通过,
,oe_test_tidy_document_display_options,通过,
,oe_test_tidy_xml,通过,
,oe_test_tidy_miscellaneous,通过,
resource-agents,oe_test_service_ldirectord,通过,
,oe_test_target_resource-agents-deps,通过,
sssd,oe_test_socket_sssd-kcm,通过,
,oe_test_socket_sssd-nss,通过,
,oe_test_service_sssd,通过,
,oe_test_socket_sssd-pam,通过,
,oe_test_service_sssd-autofs,通过,
,oe_test_service_sssd-pam,通过,
,oe_test_socket_sssd-autofs,通过,
,oe_test_socket_sssd-pac,通过,
,oe_test_socket_sssd-sudo,通过,
,oe_test_service_sssd-ifp,通过,
,oe_test_service_sssd-nss,通过,
,oe_test_service_sssd-ssh,通过,
,oe_test_socket_sssd-ssh,通过,
,oe_test_service_sssd-kcm,通过,
,oe_test_socket_sssd-pam-priv,通过,
,oe_test_service_sssd-sudo,通过,
,oe_test_service_sssd-pac,通过,
rsync,oe_test_service_rsyncd,通过,
,oe_test_socket_rsyncd,通过,
os-basic,oe_test_tcl,未通过（分析中）,
,oe_test_bsdcat,未通过（分析中）,
,oe_test_whoami,通过,
,oe_test_groupdel,通过,
,oe_test_gsettings,通过,
,oe_test_server_postgresql,通过,
,oe_test_IOaccess_500Mfile,通过,
,oe_test_du,未通过（分析中）,
,oe_test_whatis,未通过（分析中）,
,oe_test_ACL_dir,通过,
,oe_test_sos,未通过（分析中）,
,oe_test_server_mariadb_backupDB,通过,
,oe_test_disk_tuned_modify,通过,
,oe_test_USBinfo,通过,
,oe_test_ProcMgmt_sar,通过,
,oe_test_IOaccess_100Mfile,通过,
,oe_test_ProcMgmt_pgrep,通过,
,oe_test_chgrp,通过,
,oe_test_renice,通过,
,oe_test_server_mariadb_onlinebackup,通过,
,oe_test_expr,通过,
,oe_test_disk_tuned_disable,通过,
,oe_test_ar,通过,
,oe_test_hwclock,通过,
,oe_test_dircolors,通过,
,oe_test_diff3,通过,
,oe_test_home_directory,通过,
,oe_test_power_measurement_internal,未通过（分析中）,
,oe_test_ProcMgmt_iostat,通过,
,oe_test_ntp_set_date_time,未通过（分析中）,
,oe_test_server_openssh_restart,通过,
,oe_test_disk_schedule_udev,未通过（分析中）,
,oe_test_net_mtr,通过,
,oe_test_server_squid_proxy,通过,
,oe_test_zlib,未通过（分析中）,
,oe_test_server_git_install,通过,
,oe_test_json-c,通过,
,oe_test_date,通过,
,oe_test_server_openssh_secure,通过,
,oe_test_cmd_sudo,通过,
,oe_test_disk_tuned_install,通过,
,oe_test_man,通过,
,oe_test_w,未通过（分析中）,
,oe_test_gmp,未通过（分析中）,
,oe_test_group_access,通过,
,oe_test_b2sum,通过,
,oe_test_ProcMgmt_crontab_cmd,通过,
,oe_test_server_httpd_restart,通过,
,oe_test_server_mariadb_loadfile,通过,
,oe_test_basic_modify_user,通过,
,oe_test_libffi,未通过（分析中）,
,oe_test_server_mariadb_copy,通过,
,oe_test_vim,通过,
,oe_test_ulimit,通过,
,oe_test_fsck,通过,
,oe_test_declare,通过,
,oe_test_server_mariadb_dump,通过,
,oe_test_power_powertop_startup,通过,
,oe_test_grep_002,通过,
,oe_test_nmcli_set_team,未通过（分析中）,
,oe_test_patch,通过,
,oe_test_shred,未通过（分析中）,
,oe_test_system_log_security,通过,
,oe_test_server_mariadb_dumpMulDB,通过,
,oe_test_find_by_perm,通过,
,oe_test_system_log_view,通过,
,oe_test_file_002,通过,
,oe_test_performance_monitor_pcp,通过,
,oe_test_basic_create_group,通过,
,oe_test_ProcMgmt_vmstat,通过,
,oe_test_lz4,通过,
,oe_test_basic_UserMgmt_permission,通过,
,oe_test_cmd_id,通过,
,oe_test_cat_002,通过,
,oe_test_colrm,通过,
,oe_test_awk,未通过（分析中）,
,oe_test_server_httpd_checkfirewall,通过,
,oe_test_nice,通过,
,oe_test_uname,通过,
,oe_test_power_powertop_powerup,未通过（分析中）,
,oe_test_split,通过,
,oe_test_system_log_basic,通过,
,oe_test_ProcMgmt_at,通过,
,oe_test_basic_set_permissions,通过,
,oe_test_disk_tuned_set,通过,
,oe_test_server_httpd_recover,通过,
,oe_test_power_output_HTML,通过,
,oe_test_expect,未通过（分析中）,
,oe_test_pcre_use,通过,
,oe_test_timedatectl,通过,
,oe_test_server_mariadb_backuptable,通过,
,oe_test_chrony_chronyc_ntpstat,通过,
,oe_test_sort_001,通过,
,oe_test_csplit,通过,
,oe_test_sdiff,通过,
,oe_test_nmcli_set_bond,未通过（分析中）,
,oe_test_sed,通过,
,oe_test_server_squid_blacklist,未通过（分析中）,
,oe_test_disk_io_sched,未通过（分析中）,
,oe_test_lastb,通过,
,oe_test_fuse,未通过（分析中）,
,oe_test_server_mariadb_stop,通过,
,oe_test_localectl,通过,
,oe_test_power_powertop2tuned_optimize,未通过（分析中）,
,oe_test_dir,通过,
,oe_test_ProcMgmt_crontab_cronfile,通过,
,oe_test_system_log_recorded,未通过（分析中）,
,oe_test_set,通过,
,oe_test_tee,通过,
,oe_test_more,未通过（分析中）,
,oe_test_chrony_chronyc_hardwaretime,通过,
,oe_test_ProcMgmt_start_kill,通过,
,oe_test_paste,通过,
,oe_test_updatedb,通过,
,oe_test_basic_set_account_expiration_time,通过,
,oe_test_system_log_dmesg,通过,
,oe_test_badblocks,通过,
,oe_test_server_mysql,通过,
,oe_test_disk_graphics_card,未通过（分析中）,
,oe_test_auditc_01,未通过（分析中）,
,oe_test_exiv2,通过,
,oe_test_tail,通过,
,oe_test_system_monitor_share_total,未通过（分析中）,
,oe_test_cmd_su_user,通过,
,oe_test_ProcMgmt_ps,通过,
,oe_test_enable,通过,
,oe_test_system_monitor_process,通过,
,oe_test_chrony_chronyc_cmd,通过,
,oe_test_basename,通过,
,oe_test_sfdisk,通过,
,oe_test_zstd,通过,
,oe_test_basic_package,通过,
,oe_test_basic_modify_group,通过,
,oe_test_server_httpd_port,通过,
,oe_test_password_change,通过,
,oe_test_brotli,通过,
,oe_test_last,通过,
,oe_test_xmlsec,未通过（分析中）,
,oe_test_logname,通过,
,oe_test_system_log_process,通过,
,oe_test_cut,通过,
,oe_test_kernel_module_operation,通过,
,oe_test_versioninfo,通过,
,oe_test_chrony_Manuall,未通过（分析中）,
,oe_test_kernel_sysctl,通过,
,oe_test_server_vsftpd_restart,通过,
,oe_test_server_httpd_tls,通过,
,oe_test_auditctl,未通过（分析中）,
,oe_test_systool,通过,
,oe_test_IOaccess_1Gfile,未通过（分析中）,
,oe_test_ProcMgmt_top,通过,
,oe_test_disk_tuned_new,通过,
,oe_test_libunistring,未通过（分析中）,
,oe_test_kernel_kdump,未通过（分析中）,
,oe_test_ed,通过,
,oe_test_cksum,通过,
,oe_test_server_squid_ip,通过,
,oe_test_server_mariadb_backup,通过,
,oe_test_server_openssh_verifykey,未通过（分析中）,
,oe_test_uniq,通过,
,oe_test_power_powertop_calibrate,通过,
,oe_test_system_log_device,通过,
,oe_test_groff,通过,
,oe_test_kernel_cgroup,通过,
,oe_test_look,通过,
,oe_test_chrony_chronyd,通过,
,oe_test_disk_schedule_specific,未通过（分析中）,
,oe_test_password_blank,通过,
,oe_test_who,未通过（分析中）,
cvs,oe_test_target_cvs,通过,
,oe_test_socket_cvs,通过,
mpg123,oe_test_mpg123,未通过（分析中）,
ansible,oe_test_ansible_03,未通过（分析中）,
,oe_test_ansible_02,未通过（分析中）,
,oe_test_ansible_01,未通过（分析中）,
,oe_test_ansible_04,未通过（分析中）,
lxcfs,oe_test_service_lxcfs,未通过（分析中）,
xapian-core,oe_test_xapian-core_xapian-metadata,通过,
,oe_test_xapian-core_quest_03,通过,
,oe_test_xapian-core_quest_01,通过,
,oe_test_xapian-core_xapian-tcpsrv,通过,
,oe_test_xapian-core_xapian-config,通过,
,oe_test_xapian-core_xapian-delve_02,通过,
,oe_test_xapian-core_quest_02,通过,
,oe_test_xapian-core_xapian-replicate-server,通过,
,oe_test_xapian-core_xapian-delve_01,通过,
,oe_test_xapian-core_xapian-check,通过,
,oe_test_xapian-core_xapian-replicate_02,通过,
,oe_test_xapian-core_simpleindex,通过,
,oe_test_xapian-core_xapian-pos,通过,
,oe_test_xapian-core_xapian-replicate_01,通过,
,oe_test_xapian-core_copydatabase,通过,
,oe_test_xapian-core_xapian-compact,通过,
,oe_test_xapian-core_xapian-progsrv,通过,
telnet,oe_test_socket_telnet,通过,
auter,oe_test_auter,未通过（分析中）,
usbmuxd,oe_test_service_usbmuxd,通过,
iptables,oe_test_service_ip6tables,通过,
,oe_test_service_iptables,通过,
keyutils,oe_test_keyutils-keyctl,通过,
,oe_test_keyutils-api,未通过（分析中）,
rubygem-bundler,oe_test_rubygem-bundler_bundle_09,通过,
,oe_test_rubygem-bundler_bundle_08,通过,
,oe_test_rubygem-bundler_bundle_05,通过,
,oe_test_rubygem-bundler_bundle_11,通过,
,oe_test_rubygem-bundler_bundle_14,通过,
,oe_test_rubygem-bundler_bundle_12,通过,
,oe_test_rubygem-bundler_bundle_13,通过,
,oe_test_rubygem-bundler_bundle_01,通过,
,oe_test_rubygem-bundler_bundle_10,通过,
,oe_test_rubygem-bundler_bundle_03,通过,
,oe_test_rubygem-bundler_bundle_02,未通过（分析中）,
,oe_test_rubygem-bundler_bundle_04,通过,
,oe_test_rubygem-bundler_bundle_06,未通过（分析中）,
,oe_test_rubygem-bundler_bundle_07,通过,
plymouth,oe_test_service_plymouth-poweroff,通过,
,oe_test_service_plymouth-kexec,通过,
,oe_test_service_plymouth-start,通过,
,oe_test_service_systemd-ask-password-plymouth,通过,
,oe_test_service_plymouth-quit-wait,通过,
,oe_test_service_plymouth-quit,通过,
,oe_test_service_plymouth-reboot,通过,
,oe_test_service_plymouth-halt,通过,
,oe_test_service_plymouth-switch-root,通过,
,oe_test_service_plymouth-read-write,通过,
ebtables,oe_test_service_ebtables,未通过（分析中）,
xinetd,oe_test_service_xinetd,通过,
OpenIPMI,oe_test_service_ipmi,未通过（分析中）,
netdata,oe_test_netdata,通过,
mikmod,oe_test_mikmod_mikmod_06,未通过（分析中）,
,oe_test_mikmod_mikmod_01,未通过（分析中）,
,oe_test_mikmod_mikmod_02,未通过（分析中）,
,oe_test_mikmod_mikmod_07,未通过（分析中）,
,oe_test_mikmod_mikmod_05,未通过（分析中）,
,oe_test_mikmod_mikmod_03,未通过（分析中）,
,oe_test_mikmod_mikmod_04,未通过（分析中）,
htop,oe_test_htop_02,未通过（分析中）,
,oe_test_htop_01,通过,
crontabs,oe_test_crontabs,未通过（分析中）,
pcp,oe_test_pmstore_install-sh,通过,
,oe_test_pmlogger_daily_report,未通过（分析中）,
,oe_test_pmprobe_01,未通过（分析中）,
,oe_test_pmjson,通过,
,oe_test_pminfo_03,通过,
,oe_test_pmval_01,通过,
,oe_test_pmlogsummary_02,通过,
,oe_test_pcp,通过,
,oe_test_service_pmlogger,通过,
,oe_test_pcp_atop_02,未通过（分析中）,
,oe_test_service_pmmgr,未通过（分析中）,
,oe_test_dbpmda,通过,
,oe_test_pmdate,通过,
,oe_test_pcp_pcp-import-collectl2pcp,通过,
,oe_test_pmevent_01,通过,
,oe_test_pcp_pcp-import-mrtg2pcp,通过,
,oe_test_pmlogcheck_pmlogmv,未通过（分析中）,
,oe_test_pmloglabel,通过,
,oe_test_pmlogconf_pmlogsize,通过,
,oe_test_pmconfig_pmie_check,通过,
,oe_test_pmdumplog_02,通过,
,oe_test_pcp-summary_pcp-vmstat_pmcd_wait,通过,
,oe_test_service_pmie,通过,
,oe_test_pmval_02,未通过（分析中）,
,oe_test_pmlogger_daily_02,通过,
,oe_test_pmhostname_pmlock_pmlogger_check,未通过（分析中）,
,oe_test_service_pmproxy,通过,
,oe_test_pminfo_02,未通过（分析中）,
,oe_test_pmpython_mkaf_pcp-python,通过,
,oe_test_service_pmwebd,未通过（分析中）,
,oe_test_pmlogsummary_01,通过,
,oe_test_pcp_pcp-import-sar2pcp,通过,
,oe_test_pcp_pcp-import-iostat2pcp,通过,
,oe_test_pmevent_02,未通过（分析中）,
,oe_test_pmlogger_merge_pmlogger_rewrite,通过,
,oe_test_pmstat,通过,
,oe_test_pmdumplog_01,通过,
,oe_test_pmfind_pmgenmap_pmie2col_pminfo_01,通过,
,oe_test_service_pmcd,通过,
,oe_test_pmlogreduce_pmpause_pmpost_pmsleep,通过,
,oe_test_pmprobe_02,通过,
,oe_test_pmlogger_daily_01,未通过（分析中）,
,oe_test_pcp_atop_01,未通过（分析中）,
ypserv,oe_test_service_ypserv,通过,
,oe_test_service_yppasswdd,通过,
,oe_test_service_ypxfrd,通过,
audit,oe_test_audit_max_log_file_syslog,未通过（分析中）,
,oe_test_audit_rule_contact_strategy,未通过（分析中）,
,oe_test_audit_rule_fetch_from_rule,未通过（分析中）,
,oe_test_audit_monitor_system_use,未通过（分析中）,
,oe_test_audit_count_time,未通过（分析中）,
,oe_test_audit_user_build_connection,未通过（分析中）,
,oe_test_audit_monitor_file_access,未通过（分析中）,
,oe_test_audit_max_log_file_keep_logs,未通过（分析中）,
,oe_test_audit_show_event_list,未通过（分析中）,
,oe_test_audit_monitor_dictionary_access,未通过（分析中）,
,oe_test_audit_count_number_of_event,未通过（分析中）,
,oe_test_audit_max_log_file_rotate,未通过（分析中）,
,oe_test_start_audit,未通过（分析中）,
,oe_test_audit_monitor_security_event,通过,
,oe_test_audit_use_d_audit,未通过（分析中）,
,oe_test_audit_rule_conflict_strategy,未通过（分析中）,
,oe_test_audit_use_w_audit,未通过（分析中）,
,oe_test_audit_max_log_file_ignore,未通过（分析中）,
,oe_test_audit_fetch_file_in_order,未通过（分析中）,
,oe_test_audit_monitor_do_command,未通过（分析中）,
,oe_test_audit_event_log,未通过（分析中）,
,oe_test_audit_track_designated_access,未通过（分析中）,
,oe_test_audit_other,未通过（分析中）,
,oe_test_service_auditd,未通过（分析中）,
,oe_test_audit_monitor_network_visit,未通过（分析中）,
,oe_test_audit_max_log_file_suspend,未通过（分析中）,
,oe_test_audit_available_disk_space,未通过（分析中）,
,oe_test_inject_time_fault,未通过（分析中）,
,oe_test_audit_ausearch,未通过（分析中）,
gnome-shell,oe_test_gnome-shell,通过,
openvpn,oe_test_openvpn,未通过（分析中）,
valgrind,oe_test_valgrind,通过,
rpmdevtools,oe_test_rpmdevtools_rpmdev-wipetree,未通过（分析中）,
,oe_test_rpmdevtools_rpmdev-vercmp,通过,
,oe_test_rpmdevtools_rpmdev-bumpspec,通过,
,oe_test_rpmdevtools_rpmdev-rmdevelrpms,通过,
,oe_test_rpmdevtools_rpmargs,未通过（分析中）,
libappstream-glib,oe_test_libappstream-glib_appstream-compose,通过,
,oe_test_libappstream-glib_appstream-util_05,通过,
,oe_test_libappstream-glib_appstream-util_03,未通过（分析中）,
,oe_test_libappstream-glib_appstream-builder_02,通过,
,oe_test_libappstream-glib_appstream-builder_01,通过,
,oe_test_libappstream-glib_appstream-util_01,通过,
,oe_test_libappstream-glib_appstream-util_04,通过,
,oe_test_libappstream-glib_appstream-util_02,未通过（分析中）,
tcllib,oe_test_tcllib_page,通过,
,oe_test_tcllib_dtplite,通过,
,oe_test_tcllib_nns,通过,
perl-Pod-Markdown,oe_test_perl-Pod-Markdown_pod2markdown,通过,
gdm,oe_test_service_gdm,未通过（分析中）,
at,oe_test_service_atd,通过,
realmd,oe_test_service_realmd,通过,
firebird,oe_test_service_firebird-superserver,未通过（分析中）,
colm,oe_test_colm,通过,
netlabel_tools,oe_test_netlabel_tools_netlabelctl_01,未通过（分析中）,
,oe_test_netlabel_tools_netlabelctl_02,未通过（分析中）,
,oe_test_netlabel_tools_netlabelctl_03,未通过（分析中）,
,oe_test_service_netlabel,未通过（分析中）,
cronie,oe_test_service_crond,通过,
,oe_test_cronie,通过,
unbound,oe_test_service_unbound-keygen,未通过（分析中）,
,oe_test_service_unbound-anchor,通过,
,oe_test_service_unbound,通过,
firewalld,oe_test_firewalld_whitelist_user,未通过（分析中）,
,oe_test_firewalld_runtime_permanent,未通过（分析中）,
,oe_test_firewalld_set_target,未通过（分析中）,
,oe_test_firewalld_zone_add_service,未通过（分析中）,
,oe_test_firewalld_new_zone,未通过（分析中）,
,oe_test_firewalld_ip_camouflage,未通过（分析中）,
,oe_test_firewalld_set_priority,通过,
,oe_test_firewalld_start_status,未通过（分析中）,
,oe_test_firewalld_getzone,未通过（分析中）,
,oe_test_firewalld_whitelist_uids,未通过（分析中）,
,oe_test_firewalld_start_stop,未通过（分析中）,
,oe_test_firewalld_whitelist_contexts,未通过（分析中）,
,oe_test_firewalld_log_denied,未通过（分析中）,
,oe_test_firewalld_add_sourceip,未通过（分析中）,
,oe_test_firewalld_manage_icmp,通过,
,oe_test_service_firewalld,未通过（分析中）,
,oe_test_firewalld_start_check,未通过（分析中）,
,oe_test_firewalld_list,未通过（分析中）,
,oe_test_firewalld_default_rules,通过,
,oe_test_firewalld_block_all_icmp,通过,
,oe_test_firewalld_lockdown,未通过（分析中）,
,oe_test_firewalld_whitelist_command,未通过（分析中）,
,oe_test_firewalld_add_sourceport,未通过（分析中）,
sblim-sfcb,oe_test_service_sblim-sfcb,通过,
varnish,oe_test_service_varnishncsa,通过,
,oe_test_service_varnish,通过,
container-exception-logger,oe_test_container-exception-logger,未通过（分析中）,
dbus,oe_test_service_dbus,通过,
,oe_test_socket_dbus,通过,
help2man,oe_test_help2man,通过,
ostree,oe_test_service_ostree-finalize-staged,通过,
pcp-system-tools,oe_test_pcp-mpstat_pcp-numastat,未通过（分析中）,
,oe_test_pcp-uptime_pcp-verify,未通过（分析中）,
,oe_test_pmrep_05,通过,
,oe_test_pmrep_02,通过,
,oe_test_dstat_03,未通过（分析中）,
,oe_test_pmrep_04,通过,
,oe_test_pmrep_01,通过,
,oe_test_dstat_02,通过,
,oe_test_pcp-pidstat_02_pcp-ipcs,未通过（分析中）,
,oe_test_pcp-iostat,未通过（分析中）,
,oe_test_pcp_dmcache,通过,
,oe_test_pmrep_03,通过,
,oe_test_pcp_free,通过,
,oe_test_dstat_01,通过,
,oe_test_pmrep_06,通过,
,oe_test_pcp-pidstat_01,通过,
,oe_test_pcp_collectl,未通过（分析中）,
sane-backends,oe_test_socket_saned,通过,
targetcli,oe_test_targetcli_04,未通过（分析中）,
,oe_test_targetcli_01,未通过（分析中）,
,oe_test_targetcli_02,未通过（分析中）,
,oe_test_targetcli_03,未通过（分析中）,
rabbitmq-server,oe_test_rabbitmqctl_policy,通过,
,oe_test_rabbitmqctl_status,通过,
,oe_test_rabbitmqctl_access,通过,
,oe_test_rabbitmq-plugins,通过,
,oe_test_rabbitmqctl_app,未通过（分析中）,
,oe_test_rabbitmq-plugins_list,通过,
,oe_test_rabbitmqctl_encode,通过,
,oe_test_rabbitmqctl_user,通过,
,oe_test_rabbitmqctl_parameter,通过,
,oe_test_rabbitmq-server,通过,
,oe_test_service_rabbitmq-server,通过,
clevis,oe_test_tang_encrypt,未通过（分析中）,
,oe_test_install_clevis,未通过（分析中）,
,oe_test_tang_nbde,未通过（分析中）,
,oe_test_service_clevis-luks-askpass,未通过（分析中）,
paps,oe_test_paps,通过,
haproxy,oe_test_service_haproxy,通过,
optipng,oe_test_optipng_01,通过,
,oe_test_optipng_02,通过,
jetty,oe_test_service_jetty,未通过（分析中）,
,oe_test_jetty_start,未通过（分析中）,
derby,oe_test_service_derby,未通过（分析中）,
cockpit,oe_test_service_cockpit,通过,
,oe_test_socket_cockpit,通过,
,oe_test_service_cockpit-motd,通过,
authd,oe_test_socket_auth,通过,
mrtg,oe_test_service_mrtg,未通过（分析中）,
initial-setup,oe_test_service_initial-setup-reconfiguration,通过,
acl,oe_test_acl_change_mask,通过,
,oe_test_acl_getfacl,通过,
,oe_test_acl_only_root_permission,通过,
,oe_test_acl_setfacl,通过,
,oe_test_acl_chacl,通过,
,oe_test_acl_defaulr_rule,通过,
,oe_test_acl_check_create,通过,
,oe_test_acl_add_write_permissions,通过,
fakechroot,oe_test_fakechroot_base_02,通过,
,oe_test_fakechroot_chroot,通过,
,oe_test_fakechroot_env_01,通过,
,oe_test_fakechroot_base_01,通过,
,oe_test_fakechroot_env_02,通过,
iperf3,oe_test_iperf3_client,通过,
rrdtool,oe_test_socket_rrdcached,通过,
,oe_test_rrdtool_graphv_09,通过,
,oe_test_rrdtool_graphv_03,通过,
,oe_test_rrdtool_create_01,通过,
,oe_test_rrdtool_graph_05,通过,
,oe_test_rrdtool_graph_02,通过,
,oe_test_service_rrdcached,通过,
,oe_test_rrdtool_graph_08,通过,
,oe_test_rrdtool_flushcached,通过,
,oe_test_rrdtool_graph_10,通过,
,oe_test_rrdtool_graphv_06,通过,
,oe_test_rrdtool_update,通过,
,oe_test_rrdtool_graphv_04,通过,
,oe_test_rrdtool_graphv_05,通过,
,oe_test_rrdtool_graph_07,通过,
,oe_test_rrdtool_restore,通过,
,oe_test_rrdtool_graph_04,通过,
,oe_test_rrdtool_xport_02,通过,
,oe_test_rrdtool_graphv_07,通过,
,oe_test_rrdtool_graph_01,通过,
,oe_test_rrdtool_graph_09,通过,
,oe_test_rrdtool_rrdcreate_02,通过,
,oe_test_rrdtool_info,通过,
,oe_test_rrdtool_rrdcached_02,通过,
,oe_test_rrdtool_dump,通过,
,oe_test_rrdtool_graphv_02,通过,
,oe_test_rrdtool_create_02,通过,
,oe_test_rrdtool_graphv_01,通过,
,oe_test_rrdtool_rrdcreate_01,通过,
,oe_test_rrdtool_graph_06,通过,
,oe_test_rrdtool_graph_03,通过,
,oe_test_rrdtool_graphv_08,通过,
,oe_test_rrdtool_fetch,通过,
,oe_test_rrdtool_rrdcached_01,通过,
,oe_test_rrdtool_graphv_10,通过,
,oe_test_rrdtool_xport_01,通过,
memcached,oe_test_memcached_02,通过,
,oe_test_memcached_01,通过,
,oe_test_service_memcached,通过,
nmon,oe_test_nmon_04,未通过（分析中）,
,oe_test_nmon_02,未通过（分析中）,
,oe_test_nmon_03,通过,
,oe_test_nmon_01,未通过（分析中）,
lsyncd,oe_test_rsyncssh_lsyncd,通过,
,oe_test_service_lsyncd,通过,
,oe_test_direct_lsyncd,通过,
,oe_test_command_lsyncd,通过,
,oe_test_rsync_lsyncd,通过,
spice-vdagent,oe_test_socket_spice-vdagentd,通过,
,oe_test_service_spice-vdagentd,通过,
sysprof,oe_test_service_sysprof2,通过,
,oe_test_service_sysprof3,通过,
switcheroo-control,oe_test_service_switcheroo-control,通过,
qpdf,oe_test_qpdf_qpdf_10,未通过（分析中）,
,oe_test_qpdf_qpdf_01,未通过（分析中）,
,oe_test_qpdf_qpdf_08,未通过（分析中）,
,oe_test_qpdf_qpdf_07,通过,
,oe_test_qpdf_qpdf_09,通过,
,oe_test_qpdf_zlib-flate,通过,
,oe_test_qpdf_qpdf_02,未通过（分析中）,
,oe_test_qpdf_qpdf_04,通过,
,oe_test_qpdf_qpdf_03,未通过（分析中）,
,oe_test_qpdf_qpdf_05,通过,
,oe_test_qpdf_qpdf_06,通过,
radvd,oe_test_service_radvd,未通过（分析中）,
redis6,oe_test_redis6_01,通过,
,oe_test_service_redis6,通过,
,oe_test_service_redis6-sentinel,通过,
,oe_test_redis6_02,未通过（分析中）,
ladspa,oe_test_ladspa_analyseplugin,未通过（分析中）,
,oe_test_ladspa_applyplugin,未通过（分析中）,
libreswan,oe_test_libreswan_ipsec_whack_1,通过,
,oe_test_libreswan_ipsec_whack_3,通过,
,oe_test_libreswan_ipsec_setup,未通过（分析中）,
,oe_test_host_to_host_vpn,未通过（分析中）,
,oe_test_libreswan_ipsec_01,通过,
,oe_test_libreswan_ipsec_whack_4,通过,
,oe_test_libreswan_ipsec_systemctl,未通过（分析中）,
,oe_test_service_ipsec,未通过（分析中）,
,oe_test_libreswan_ipsec_02,通过,
,oe_test_libreswan_ipsec_check,通过,
,oe_test_libreswan_ipsec_algparse,通过,
,oe_test_site_to_site_vpn,未通过（分析中）,
,oe_test_libreswan_ipsec_whack_2,通过,
,oe_test_libreswan_ipsec_pluto,通过,
,oe_test_libreswan_ipsec_03,通过,
timedatex,oe_test_service_timedatex,通过,
qt5-qttools,oe_test_qt5-qttools_lupdate-qt5_01,通过,
,oe_test_qt5-qttools_qdoc_02,未通过（分析中）,
,oe_test_qt5-qttools_qtattributionsscanner-qt5,通过,
,oe_test_qt5-qttools_qdoc_01,通过,
,oe_test_qt5-qttools_qhelpgenerator-qt5,通过,
,oe_test_qt5-qttools_qdoc_03,未通过（分析中）,
,oe_test_qt5-qttools_qdbus-qt5,未通过（分析中）,
,oe_test_qt5-qttools_qt5-qttools-devel,通过,
,oe_test_qt5-qttools_lconvert-qt5,通过,
,oe_test_qt5-qttools_lrelease-qt5,通过,
,oe_test_qt5-qttools_lupdate-qt5_02,通过,
,oe_test_qt5-qttools_qtpaths,通过,
lksctp-tools,oe_test_lksctp-tools_sctp_darn_01,未通过（分析中）,
,oe_test_lksctp-tools_sctp_darn_02,未通过（分析中）,
,oe_test_lksctp-tools_sctp_test,未通过（分析中）,
,oe_test_lksctp-tools_checksctp,未通过（分析中）,
,oe_test_lksctp-tools_sctp_status,未通过（分析中）,
elinks,oe_test_elinks_base_02,通过,
,oe_test_elinks_base_03,通过,
,oe_test_elinks_base_01,通过,
ant,oe_test_ant_004,通过,
,oe_test_ant_003,通过,
,oe_test_ant_001,通过,
,oe_test_ant_002,未通过（分析中）,
iputils,oe_test_service_rdisc,未通过（分析中）,
,oe_test_service_ninfod,未通过（分析中）,
openmpi,oe_test_openmpi_single_01,未通过（分析中）,
,oe_test_openmpi_cluster,未通过（分析中）,
,oe_test_openmpi_single_02,未通过（分析中）,
cups,oe_test_socket_cups,通过,
,oe_test_socket_cups-lpd,通过,
,oe_test_service_cups,通过,
mosquitto,oe_test_service_mosquitto,通过,
hivex,oe_test_hivex_hivexsh_01,通过,
,oe_test_hivex_hivexsh_02,通过,
,oe_test_hivex_hivexget,通过,
,oe_test_hivex_hivexregedit,通过,
cracklib,oe_test_cracklib,通过,
dejagnu,oe_test_dejagnu_runtest_03,通过,
,oe_test_dejagnu_runtest_01,未通过（分析中）,
,oe_test_dejagnu_runtest_02,未通过（分析中）,
groovy,oe_test_groovy_01,未通过（分析中）,
,oe_test_groovy_02,未通过（分析中）,
ltrace,oe_test_ltrace_01,通过,
,oe_test_ltrace_03,通过,
,oe_test_ltrace_04,通过,
,oe_test_ltrace_02,通过,
iSulad,oe_test_service_isulad,未通过（分析中）,
pngcrush,oe_test_pngcrush_02,通过,
,oe_test_pngcrush_04,通过,
,oe_test_pngcrush_05,通过,
,oe_test_pngcrush_03,通过,
,oe_test_pngcrush_01,通过,
cups-filters,oe_test_service_cups-browsed,通过,
dblatex,oe_test_dblatex_dblatex_05,通过,
,oe_test_dblatex_dblatex_02,通过,
,oe_test_dblatex_dblatex_06,通过,
,oe_test_dblatex_dblatex_03,通过,
,oe_test_dblatex_dblatex_01,通过,
,oe_test_dblatex_dblatex_04,通过,
nss-pam-ldapd,oe_test_service_nslcd,通过,
dovecot,oe_test_dovecot_doveadm_1,通过,
,oe_test_service_dovecot,通过,
,oe_test_dovecot_basic,通过,
,oe_test_dovecot_doveadm_3,通过,
,oe_test_service_dovecot-init,通过,
,oe_test_socket_dovecot,通过,
,oe_test_dovecot_doveadm_2,通过,
accountsservice,oe_test_service_accounts-daemon,未通过（分析中）,
binutils,oe_test_binutils_size,通过,
,oe_test_binutils_objcopy,通过,
ipmitool,oe_test_service_ipmievd,未通过（分析中）,
,oe_test_service_bmc-snmp-proxy,未通过（分析中）,
,oe_test_service_exchange-bmc-os-info,未通过（分析中）,
umoci,oe_test_umoci,通过,
rsyslog,oe_test_rsyslog_abnormal_template,未通过（分析中）,
,oe_test_rsyslog_function_tcp_firewall,未通过（分析中）,
,oe_test_rsyslog_reliability_operation,通过,
,oe_test_rsyslog_function_priority,通过,
,oe_test_rsyslog_function_imfile,通过,
,oe_test_rsyslog_function_udp,未通过（分析中）,
,oe_test_rsyslog_reliability_tcp,未通过（分析中）,
,oe_test_rsyslog_function_httpd,未通过（分析中）,
,oe_test_rsyslog_function_discard,通过,
,oe_test_rsyslog_parameter04,通过,
,oe_test_rsyslog_function_rainerscript,通过,
,oe_test_rsyslog_reliability_restart,通过,
,oe_test_service_rsyslog,通过,
,oe_test_rsyslog_parameter03,通过,
,oe_test_rsyslog_function_attribute,未通过（分析中）,
,oe_test_rsyslog_abnormal_config,通过,
,oe_test_rsyslog_function_shell,通过,
,oe_test_rsyslog_function_relp,未通过（分析中）,
,oe_test_rsyslog_function_wildcard,通过,
,oe_test_rsyslog_parameter01,通过,
,oe_test_rsyslog_function_postgreSQL,通过,
,oe_test_rsyslog_function_facility,通过,
,oe_test_rsyslog_reliability_network,未通过（分析中）,
,oe_test_rsyslog_reliability_lenght,未通过（分析中）,
,oe_test_rsyslog_function_tcp,未通过（分析中）,
,oe_test_rsyslog_parameter02,通过,
,oe_test_rsyslog_function_template,通过,
numad,oe_test_service_numad,未通过（分析中）,
smartmontools,oe_test_service_smartd,通过,
fcoe-utils,oe_test_service_fcoe,未通过（分析中）,
swig,oe_test_swig_09,通过,
,oe_test_swig_06,通过,
,oe_test_swig_04,通过,
,oe_test_swig_05,通过,
,oe_test_swig_01,通过,
,oe_test_swig_03,通过,
,oe_test_swig_07,通过,
,oe_test_swig_08,通过,
,oe_test_swig_10,通过,
,oe_test_swig_02,通过,
,oe_test_swig_11,通过,
libwbxml,oe_test_libwbxml_wbxml2xml,通过,
,oe_test_libwbxml_xml2wbxml,通过,
byacc,oe_test_byacc_byacc_01,通过,
,oe_test_byacc_yacc_01,通过,
,oe_test_byacc_yacc_02,通过,
,oe_test_byacc_byacc_02,通过,
autoconf213,oe_test_autoconf213_autoreconf-2.13_01,通过,
,oe_test_autoconf213_autoheader-2.13,通过,
,oe_test_autoconf213_ifnames-2.13,通过,
,oe_test_autoconf213_autoupdate-2.13,通过,
,oe_test_autoconf213_autoconf-2.13,通过,
,oe_test_autoconf213_autoreconf-2.13_04,通过,
,oe_test_autoconf213_autoreconf-2.13_03,通过,
,oe_test_autoconf213_autoreconf-2.13_05,通过,
,oe_test_autoconf213_autoreconf-2.13_02,通过,
,oe_test_autoconf213_autoreconf-2.13_06,通过,
nftables,oe_test_nftables_anonymous_map,未通过（分析中）,
,oe_test_nftables_chains,未通过（分析中）,
,oe_test_nftables_replace_counters,未通过（分析中）,
,oe_test_nftables_name_sets,未通过（分析中）,
,oe_test_nftables_listen_package,未通过（分析中）,
,oe_test_nftables_create_counters,未通过（分析中）,
,oe_test_nftables_backup_rules,未通过（分析中）,
,oe_test_service_nftables,未通过（分析中）,
,oe_test_iptables_to_nftables,通过,
fftw,oe_test_fftw_fftwf-wisdom_01,通过,
,oe_test_fftw_fftw-wisdom-to-conf,未通过（分析中）,
,oe_test_fftw_fftwf-wisdom_02,未通过（分析中）,
,oe_test_fftw_fftw-wisdom_02,未通过（分析中）,
,oe_test_fftw_fftw-wisdom_03,通过,
,oe_test_fftw_fftwl-wisdom_02,未通过（分析中）,
,oe_test_fftw_fftwl-wisdom_03,通过,
,oe_test_fftw_fftwl-wisdom_01,通过,
,oe_test_fftw_fftw-wisdom_01,通过,
,oe_test_fftw_fftwf-wisdom_03,通过,
libfabric,oe_test_libfabric_pingpong_01,通过,
,oe_test_libfabric_pingpong_02,通过,
,oe_test_libfabric_fi_info_02,未通过（分析中）,
,oe_test_libfabric_fi_info_01,未通过（分析中）,
,oe_test_libfabric_fi_info_03,通过,
alsa-utils,oe_test_service_alsa-state,通过,
,oe_test_service_alsa-restore,通过,
upower,oe_test_service_upower,通过,
samtools,oe_test_samtools_samtools_02,通过,
,oe_test_samtools_ace2sam,通过,
,oe_test_samtools_seq_cache_populate.pl,通过,
,oe_test_samtools_samtools_04,通过,
,oe_test_samtools_samtools_01,未通过（分析中）,
,oe_test_samtools_samtools_05,通过,
,oe_test_samtools_samtools_03,通过,
keepalived,oe_test_service_keepalived,未通过（分析中）,
git,oe_test_socket_git,通过,
storm,oe_test_service_storm-nimbus,未通过（分析中）,
,oe_test_service_storm-supervisor,未通过（分析中）,
,oe_test_service_storm-logviewer,未通过（分析中）,
,oe_test_service_storm-ui,未通过（分析中）,
p7zip,oe_test_p7zip_7za_001,通过,
,oe_test_p7zip_7za_004,通过,
,oe_test_p7zip_7za_005,通过,
,oe_test_p7zip_7za_003,通过,
,oe_test_p7zip_7za_002,通过,
x265,oe_test_x265,通过,
mailman,oe_test_service_mailman,未通过（分析中）,
squid,oe_test_service_squid,通过,
papi,oe_test_papi_xml_event_info,通过,
,oe_test_papi_avail_01,通过,
,oe_test_papi_avail_02,通过,
,oe_test_papi_command_line,通过,
,oe_test_papi_native_avail_01,通过,
,oe_test_papi_native_avail_02,通过,
mdadm,oe_test_service_mdmonitor,未通过（分析中）,
abrt,oe_test_service_abrt-upload-watch,通过,
,oe_test_service_abrt-oops,通过,
,oe_test_service_abrt-journal-core,通过,
,oe_test_service_abrt-vmcore,通过,
,oe_test_service_abrtd,通过,
,oe_test_service_abrt-pstoreoops,通过,
,oe_test_service_abrt-xorg,通过,
bcrypt,oe_test_bcrypt,通过,
nasm,oe_test_nasm_03,通过,
,oe_test_nasm_13,通过,
,oe_test_nasm_06,通过,
,oe_test_nasm_11,通过,
,oe_test_nasm_08,通过,
,oe_test_nasm_01,通过,
,oe_test_nasm_ndisasm_01,通过,
,oe_test_nasm_ndisasm_02,通过,
,oe_test_nasm_10,通过,
,oe_test_nasm_04,通过,
,oe_test_nasm_07,通过,
,oe_test_nasm_12,通过,
,oe_test_nasm_05,通过,
,oe_test_nasm_02,通过,
,oe_test_nasm_09,通过,
openldap,oe_test_service_slapd,通过,
cloud-init,oe_test_service_cloud-config,通过,
,oe_test_target_cloud-init,通过,
,oe_test_service_cloud-final,通过,
,oe_test_service_cloud-init-local,通过,
,oe_test_target_cloud-config,通过,
,oe_test_service_cloud-init,通过,
iprutils,oe_test_target_iprutils,未通过（分析中）,
,oe_test_service_iprupdate,未通过（分析中）,
,oe_test_service_iprdump,未通过（分析中）,
,oe_test_service_iprinit,未通过（分析中）,
mtx,oe_test_mtx_scsieject,未通过（分析中）,
,oe_test_mtx_mtx,未通过（分析中）,
,oe_test_mtx_loaderinfo,未通过（分析中）,
,oe_test_mtx_tapeinfo,未通过（分析中）,
,oe_test_mtx_scsitape,未通过（分析中）,
libhangul,oe_test_libhangul_hangul,通过,
perl-libwww-perl,oe_test_perl-libwww-perl_lwp_request_01,通过,
,oe_test_perl-libwww-perl_GET_02,通过,
,oe_test_perl-libwww-perl_HEAD_02,通过,
,oe_test_perl-libwww-perl_POST_01,通过,
,oe_test_perl-libwww-perl_lwp-dump,通过,
,oe_test_perl-libwww-perl_lwp_request_02,通过,
,oe_test_perl-libwww-perl_GET_01,通过,
,oe_test_perl-libwww-perl_POST_02,通过,
,oe_test_perl-libwww-perl_HEAD_01,通过,
nfs-utils,oe_test_service_auth-rpcgss-module,通过,
,oe_test_service_nfs-server,通过,
,oe_test_service_rpc-statd,通过,
,oe_test_target_rpc_pipefs,通过,
,oe_test_service_nfs-mountd,通过,
,oe_test_service_nfs-secure,通过,
,oe_test_service_nfs,通过,
,oe_test_service_rpc-statd-notify,通过,
,oe_test_service_nfs-utils,通过,
,oe_test_service_nfs-idmapd,通过,
,oe_test_service_nfsdcld,通过,
,oe_test_service_rpc-gssd,通过,
,oe_test_service_nfs-idmap,通过,
,oe_test_service_nfs-lock,通过,
,oe_test_service_nfs-blkmap,通过,
,oe_test_target_nfs-client,通过,
netcf,oe_test_service_netcf-transaction,通过,
dnssec-trigger,oe_test_service_dnssec-triggerd-keygen,通过,
,oe_test_service_dnssec-triggerd,通过,
java-1.8.0-openjdk,oe_test_openjdk_javadoc_javah,通过,
,oe_test_openjdk_jjs_jmap,通过,
,oe_test_openjdk_javap_jcmd,通过,
,oe_test_openjdk_native2ascii_pack200,通过,
,oe_test_openjdk_appletviewer_clhsdb,未通过（分析中）,
,oe_test_openjdk_jsadebugd_jstack,通过,
,oe_test_openjdk_jdb_jdeps,未通过（分析中）,
,oe_test_openjdk_servertool_unpack200,通过,
,oe_test_openjdk_java_javac,通过,
,oe_test_openjdk_rmic_rmid,通过,
dnf,oe_test_dnf_distro-sync_dnf-3,通过,
,oe_test_dnf_repeat-install,未通过（分析中）,
,oe_test_dnf_enabled_enablerepo,未通过（分析中）,
,oe_test_service_dnf-automatic,通过,
,oe_test_dnf_check_diffenert-packages,未通过（分析中）,
,oe_test_dnf_all-repos,未通过（分析中）,
,oe_test_dnf_enhancement_exclude,未通过（分析中）,
,oe_test_service_dnf-makecache,未通过（分析中）,
,oe_test_dnf_priority,未通过（分析中）,
,oe_test_dnf_nobest_nodocs_nogpgcheck,未通过（分析中）,
,oe_test_dnf_repeat-upgrade-downgrade,未通过（分析中）,
,oe_test_dnf_reinstall_repoinfo,未通过（分析中）,
,oe_test_dnf_makecache_clean,通过,
,oe_test_service_dnf-automatic-download,通过,
,oe_test_dnf_help_history_info,通过,
,oe_test_dnf_assumeno_autoremove,通过,
,oe_test_dnf_automatic,通过,
,oe_test_service_dnf-automatic-notifyonly,通过,
,oe_test_dnf_list_mark,未通过（分析中）,
,oe_test_service_dnf-automatic-install,通过,
,oe_test_dnf_provides_randomwait,未通过（分析中）,
,oe_test_dnf_alias,通过,
procinfo,oe_test_procinfo_02,未通过（分析中）,
,oe_test_procinfo_01,未通过（分析中）,
watchdog,oe_test_service_watchdog,通过,
,oe_test_service_watchdog-ping,通过,
,oe_test_watchdog_001,通过,
rootsh,oe_test_rootsh02,未通过（分析中）,
,oe_test_rootsh01,未通过（分析中）,
fwupd,oe_test_service_fwupd-offline-update,通过,
,oe_test_service_fwupd,未通过（分析中）,
net-tools,oe_test_net-tools_netstat,通过,
,oe_test_net-tools_route,未通过（分析中）,
,oe_test_service_arp-ethers,通过,
,oe_test_net-tools_ipmaddr,未通过（分析中）,
mcstrans,oe_test_service_mcstransd,未通过（分析中）,
,oe_test_service_mcstrans,未通过（分析中）,
sphinx,oe_test_service_searchd,通过,
acpid,oe_test_service_acpid,通过,
,oe_test_acpid_03,通过,
,oe_test_acpid_01,通过,
,oe_test_socket_acpid,通过,
,oe_test_acpid_02,通过,
krb5,oe_test_service_kprop,通过,
,oe_test_service_krb5kdc,通过,
,oe_test_service_kadmin,未通过（分析中）,
rdate,oe_test_rdate,通过,
pps-tools,oe_test_pps-tools,未通过（分析中）,
php,oe_test_php-cgi_phpize,通过,
,oe_test_service_php-fpm,通过,
,oe_test_php-config,通过,
,oe_test_phpdbg,通过,
,oe_test_phar_phar,通过,
,oe_test_phar,通过,
,oe_test_php-fpm,通过,
,oe_test_php,通过,
intltool,oe_test_intltool_intltool-prepare,通过,
,oe_test_intltool_intltool-merge_02,通过,
,oe_test_intltool_intltool-merge_01,通过,
,oe_test_intltool_intltoolize,通过,
,oe_test_intltool_intltool-extract,通过,
,oe_test_intltool_intltool-update,通过,
pam,oe_test_service_pam_namespace,通过,
oddjob,oe_test_service_oddjobd,通过,
nghttp2,oe_test_service_nghttpx,通过,
httpd,oe_test_socket_httpd,通过,
,oe_test_service_htcacheclean,通过,
,oe_test_service_httpd-init,通过,
,oe_test_service_httpd,通过,
ypbind,oe_test_service_ypbind,通过,
perl-Net-Server,oe_test_perl-Net-Server,通过,
polkit,oe_test_service_polkit,未通过（分析中）,
novnc,oe_test_novnc,未通过（分析中）,
NetworkManager,oe_test_service_NetworkManager-wait-online,通过,
,oe_test_service_NetworkManager,未通过（分析中）,
,oe_test_service_NetworkManager-dispatcher,通过,
,oe_test_service_nm-cloud-setup,通过,
systemd,oe_test_service_dbus-org.freedesktop.timedate1,通过,
,oe_test_service_dbus-org.freedesktop.login1,通过,
,oe_test_socket_systemd-journald,通过,
,oe_test_service_systemd-hwdb-update,通过,
,oe_test_socket_systemd-userdbd,未通过（分析中）,
,oe_test_service_systemd-hybrid-sleep,通过,
,oe_test_service_emergency,通过,
,oe_test_service_systemd-resolved,未通过（分析中）,
,oe_test_target_halt,通过,
,oe_test_target_rpcbind,通过,
,oe_test_target_emergency,通过,
,oe_test_target_shutdown,通过,
,oe_test_service_initrd-cleanup,通过,
,oe_test_target_sysinit,通过,
,oe_test_service_systemd-hostnamed,通过,
,oe_test_socket_systemd-journald-audit,通过,
,oe_test_target_suspend-then-hibernate,通过,
,oe_test_target_sockets,通过,
,oe_test_service_systemd-machine-id-commit,通过,
,oe_test_target_hibernate,通过,
,oe_test_service_console-getty,未通过（分析中）,
,oe_test_service_hwclock-save,通过,
,oe_test_service_rc-local,通过,
,oe_test_target_initrd-root-fs,通过,
,oe_test_target_initrd-switch-root,未通过（分析中）,
,oe_test_target_boot-complete,通过,
,oe_test_service_systemd-portabled,未通过（分析中）,
,oe_test_target_umount,通过,
,oe_test_service_systemd-udev-settle,通过,
,oe_test_service_dbus-org.freedesktop.locale1,通过,
,oe_test_service_systemd-reboot,通过,
,oe_test_target_exit,通过,
,oe_test_target_initrd-fs,通过,
,oe_test_target_veritysetup,未通过（分析中）,
,oe_test_service_kmod-static-nodes,通过,
,oe_test_service_systemd-journal-gatewayd,未通过（分析中）,
,oe_test_socket_syslog,未通过（分析中）,
,oe_test_service_dbus-org.freedesktop.import1,未通过（分析中）,
,oe_test_socket_systemd-journald-dev-log,未通过（分析中）,
,oe_test_service_systemd-sysctl,通过,
,oe_test_socket_systemd-journal-gatewayd,未通过（分析中）,
,oe_test_target_nss-user-lookup,通过,
,oe_test_service_systemd-timesyncd,通过,
,oe_test_target_getty,通过,
,oe_test_service_systemd-importd,未通过（分析中）,
,oe_test_target_initrd-root-device,通过,
,oe_test_service_systemd-networkd,未通过（分析中）,
,oe_test_target_veritysetup-pre,未通过（分析中）,
,oe_test_target_default,通过,
,oe_test_target_system-update-pre,通过,
,oe_test_target_basic,通过,
,oe_test_target_runlevel5,通过,
,oe_test_service_systemd-userdbd,未通过（分析中）,
,oe_test_service_systemd-update-utmp,通过,
,oe_test_service_initrd-parse-etc,通过,
,oe_test_service_systemd-update-utmp-runlevel,通过,
,oe_test_service_systemd-networkd-wait-online,未通过（分析中）,
,oe_test_service_ldconfig,通过,
,oe_test_target_remote-fs,通过,
,oe_test_service_systemd-tmpfiles-setup,通过,
,oe_test_service_systemd-user-sessions,通过,
,oe_test_target_first-boot-complete,通过,
,oe_test_socket_systemd-journal-remote,未通过（分析中）,
,oe_test_service_systemd-hibernate,通过,
,oe_test_service_systemd-tmpfiles-clean,通过,
,oe_test_service_systemd-ask-password-wall,未通过（分析中）,
,oe_test_target_initrd,通过,
,oe_test_target_nss-lookup,通过,
,oe_test_target_runlevel2,通过,
,oe_test_target_local-fs-pre,通过,
,oe_test_service_systemd-journal-upload,未通过（分析中）,
,oe_test_target_rescue,通过,
,oe_test_target_network-pre,通过,
,oe_test_socket_systemd-coredump,通过,
,oe_test_target_remote-fs-pre,通过,
,oe_test_service_systemd-time-wait-sync,通过,
,oe_test_socket_systemd-initctl,通过,
,oe_test_target_local-fs,通过,
,oe_test_service_systemd-quotacheck,未通过（分析中）,
,oe_test_service_systemd-initctl,未通过（分析中）,
,oe_test_target_swap,通过,
,oe_test_service_systemd-udevd,未通过（分析中）,
,oe_test_target_time-set,通过,
,oe_test_target_getty-pre,通过,
,oe_test_service_dbus-org.freedesktop.machine1,通过,
,oe_test_service_systemd-sysusers,通过,
,oe_test_service_initrd-udevadm-cleanup-db,通过,
,oe_test_service_systemd-pstore,通过,
,oe_test_service_systemd-halt,通过,
,oe_test_target_kexec,通过,
,oe_test_service_systemd-timedated,通过,
,oe_test_service_systemd-journald,通过,
,oe_test_service_systemd-journal-remote,未通过（分析中）,
,oe_test_service_systemd-journal-catalog-update,通过,
,oe_test_service_systemd-vconsole-setup,通过,
,oe_test_service_systemd-bless-boot,通过,
,oe_test_service_initrd-switch-root,未通过（分析中）,
,oe_test_service_systemd-rfkill,通过,
,oe_test_service_rescue,通过,
,oe_test_service_systemd-exit,通过,
,oe_test_service_systemd-localed,通过,
,oe_test_service_systemd-modules-load,通过,
,oe_test_socket_systemd-rfkill,未通过（分析中）,
,oe_test_target_cryptsetup-pre,未通过（分析中）,
,oe_test_target_time-sync,通过,
,oe_test_target_runlevel0,通过,
,oe_test_service_systemd-suspend,通过,
,oe_test_service_dbus-org.freedesktop.portable1,未通过（分析中）,
,oe_test_service_systemd-boot-system-token,通过,
,oe_test_target_paths,通过,
,oe_test_target_final,通过,
,oe_test_service_systemd-journal-flush,通过,
,oe_test_target_hybrid-sleep,通过,
,oe_test_socket_systemd-networkd,未通过（分析中）,
,oe_test_target_usb-gadget,未通过（分析中）,
,oe_test_service_systemd-sysext,未通过（分析中）,
,oe_test_target_timers,通过,
,oe_test_service_systemd-poweroff,通过,
,oe_test_target_multi-user,通过,
,oe_test_service_systemd-binfmt,通过,
,oe_test_socket_systemd-udevd-control,通过,
,oe_test_target_ctrl-alt-del,通过,
,oe_test_target_system-update,通过,
,oe_test_target_network-online,通过,
,oe_test_service_systemd-firstboot,通过,
,oe_test_service_systemd-ask-password-console,通过,
,oe_test_service_debug-shell,通过,
,oe_test_target_sleep,通过,
,oe_test_target_remote-veritysetup,未通过（分析中）,
,oe_test_service_systemd-suspend-then-hibernate,通过,
,oe_test_service_systemd-logind,通过,
,oe_test_target_reboot,通过,
,oe_test_service_systemd-tmpfiles-setup-dev,通过,
,oe_test_service_systemd-udev-trigger,通过,
,oe_test_target_sigpwr,通过,
,oe_test_target_graphical,通过,
,oe_test_socket_systemd-udevd-kernel,通过,
,oe_test_service_systemd-update-done,通过,
,oe_test_service_systemd-machined,通过,
,oe_test_target_machines,未通过（分析中）,
,oe_test_target_cryptsetup,未通过（分析中）,
,oe_test_target_slices,通过,
,oe_test_target_remote-cryptsetup,未通过（分析中）,
,oe_test_service_systemd-network-generator,未通过（分析中）,
,oe_test_service_quotaon,未通过（分析中）,
,oe_test_target_runlevel4,通过,
,oe_test_target_suspend,通过,
,oe_test_service_systemd-random-seed,通过,
,oe_test_target_network,通过,
,oe_test_target_runlevel6,通过,
,oe_test_target_runlevel1,通过,
,oe_test_service_systemd-fsck-root,未通过（分析中）,
,oe_test_target_poweroff,通过,
,oe_test_service_systemd-kexec,通过,
,oe_test_service_dbus-org.freedesktop.hostname1,通过,
,oe_test_service_systemd-volatile-root,通过,
,oe_test_service_systemd-remount-fs,通过,
,oe_test_target_runlevel3,通过,
dos2unix,oe_test_dos2unix,通过,
libcanberra,oe_test_service_canberra-system-shutdown-reboot,通过,
,oe_test_service_canberra-system-bootup,通过,
,oe_test_service_canberra-system-shutdown,通过,
cppcheck,oe_test_cppcheck,未通过（分析中）,
,oe_test_cppcheck-htmlreport,通过,
librabbitmq,oe_test_librabbitmq_amqp-declare-queue,通过,
,oe_test_librabbitmq_amqp-consume,未通过（分析中）,
,oe_test_librabbitmq_amqp-delete-queue,通过,
,oe_test_librabbitmq_amqp-get,通过,
,oe_test_librabbitmq_amqp-publish,通过,
corosync,oe_test_service_spausedd,未通过（分析中）,
rdma-core,oe_test_socket_ibacm,未通过（分析中）,
,oe_test_service_srp_daemon,通过,
sbd,oe_test_service_sbd,未通过（分析中）,
,oe_test_service_sbd_remote,未通过（分析中）,
uuid,oe_test_uuid_1,通过,
,oe_test_uuid_2,通过,
lorax,oe_test_service_lorax-composer,未通过（分析中）,
,oe_test_socket_lorax-composer,通过,
mutt,oe_test_mutt,通过,
nbdkit,oe_test_nbdkit_01,通过,
,oe_test_nbdkit_02,未通过（分析中）,
,oe_test_nbdkit_03,通过,
kpatch,oe_test_service_kpatch,通过,
fontforge,oe_test_fontforge_fontforge,通过,
,oe_test_fontforge_fontlint,通过,
,oe_test_fontforge_fontimage,通过,
libuuid,oe_test_libuuid,未通过（分析中）,
irqbalance,oe_test_service_irqbalance,未通过（分析中）,
ceph,oe_test_service_rbdmap,通过,
,oe_test_target_ceph-rbd-mirror,通过,
,oe_test_target_ceph-mon,通过,
,oe_test_target_ceph,通过,
,oe_test_target_ceph-mds,通过,
,oe_test_target_ceph-radosgw,通过,
,oe_test_target_ceph-fuse,通过,
,oe_test_target_ceph-osd,通过,
,oe_test_target_ceph-mgr,通过,
cobbler,oe_test_cobbler_other,未通过（分析中）,
,oe_test_cobbler_mgmtclass,未通过（分析中）,
,oe_test_cobbler_repo,未通过（分析中）,
,oe_test_cobbler_distro,未通过（分析中）,
,oe_test_cobbler_system,未通过（分析中）,
,oe_test_cobbler_image,未通过（分析中）,
,oe_test_cobbler_package,未通过（分析中）,
,oe_test_cobbler_profile,未通过（分析中）,
,oe_test_cobbler_file,未通过（分析中）,
psacct,oe_test_psacct,未通过（分析中）,
,oe_test_service_psacct,未通过（分析中）,
aspell,oe_test_aspell_prezip_02,通过,
,oe_test_aspell_preunzip_02,通过,
,oe_test_aspell_prezip-bin,通过,
,oe_test_aspell_01,未通过（分析中）,
,oe_test_aspell_precat_01,通过,
,oe_test_aspell_preunzip_01,通过,
,oe_test_aspell_word-list-compress,通过,
,oe_test_aspell_prezip_01,通过,
,oe_test_aspell_precat_02,通过,
,oe_test_aspell_02,通过,
lm_sensors,oe_test_service_lm_sensors,未通过（分析中）,
,oe_test_service_fancontrol,未通过（分析中）,
,oe_test_service_sensord,通过,
glibc,oe_test_socket_nscd,通过,
,oe_test_service_nscd,通过,
fio,oe_test_fio_002,通过,
,oe_test_fio_001,未通过（分析中）,
,oe_test_fio_003,通过,
,oe_test_fio_004,未通过（分析中）,
dkms,oe_test_service_dkms,通过,
man-db,oe_test_service_man-db,通过,
,oe_test_service_man-db-cache-update,通过,
galera,oe_test_service_garbd,通过,
,oe_test_galera_garbd,通过,
dbxtool,oe_test_service_dbxtool,未通过（分析中）,
ganglia,oe_test_service_gmetad,通过,
,oe_test_service_gmond,通过,
sos,oe_test_sosreport_04,未通过（分析中）,
,oe_test_sosreport_02,未通过（分析中）,
,oe_test_sosreport_01,未通过（分析中）,
,oe_test_sosreport_03,未通过（分析中）,
graphviz,oe_test_service_zvbid,未通过（分析中）,
mysql,oe_test_service_mysql,未通过（分析中）,
wpa_supplicant,oe_test_service_wpa_supplicant,通过,
linuxptp,oe_test_service_ptp4l,未通过（分析中）,
,oe_test_service_phc2sys,未通过（分析中）,
pax,oe_test_pax_runtest_01,通过,
,oe_test_pax_runtest_04,通过,
,oe_test_pax_runtest_03,通过,
,oe_test_pax_runtest_02,通过,
gegl04,oe_test_gegl04_gegl-imgcmp,通过,
,oe_test_gegl04_gegl,通过,
rinetd,oe_test_service_rinetd,通过,
opencryptoki,oe_test_service_pkcsslotd,通过,
conntrack-tools,oe_test_service_conntrackd,未通过（分析中）,
ninja-build,oe_test_ninja-build_ninja,未通过（分析中）,
libcap,oe_test_acl_ignore_dal_across,通过,
,oe_test_acl_manage_net,通过,
,oe_test_acl_allow_change_nochange,通过,
,oe_test_acl_send_kill_notbelong,通过,
,oe_test_acl_allow_change_ownership,通过,
,oe_test_acl_bind_port,通过,
,oe_test_acl_ordinary_users_setgid,通过,
,oe_test_libcap,通过,
,oe_test_acl_verwrite_previous_rules,通过,
os-storage,oe_test_storage_Mutipath_initramfs,未通过（分析中）,
,oe_test_storage_fileCMD_touch,通过,
,oe_test_storage_fileCMD_chown,通过,
,oe_test_storage_ext3_mount,未通过（分析中）,
,oe_test_storage_DevMgmt_disk_operation,未通过（分析中）,
,oe_test_storage_diskpartiton_create_raid5,未通过（分析中）,
,oe_test_storage_fileCMD_mv,通过,
,oe_test_storage_lvm_replace_raid,未通过（分析中）,
,oe_test_storage_lvm_split_VG,未通过（分析中）,
,oe_test_storage_Mutipath_view_info,未通过（分析中）,
,oe_test_storage_lvm_lvdisplay_lvscan,未通过（分析中）,
,oe_test_storage_mount_shared,通过,
,oe_test_storage_diskpartiton_fdisk_delete,未通过（分析中）,
,oe_test_storage_repair_e2fsck,未通过（分析中）,
,oe_test_storage_nfs_start_server,通过,
,oe_test_storage_lvm_create_snapshot,未通过（分析中）,
,oe_test_storage_fileCMD_ls,通过,
,oe_test_storage_xfs_restore,未通过（分析中）,
,oe_test_storage_DevMgmt_swap,未通过（分析中）,
,oe_test_storage_lvm_merge_VG,未通过（分析中）,
,oe_test_storage_fileCMD_gzip,通过,
,oe_test_storage_diskpartiton_fdisk,未通过（分析中）,
,oe_test_storage_fileCMD_cp,通过,
,oe_test_storage_mount_UUID,未通过（分析中）,
,oe_test_storage_lvm_set_regionsize,未通过（分析中）,
,oe_test_storage_lvm_activation,通过,
,oe_test_storage_ext4_create,通过,
,oe_test_storage_ext4_resize,通过,
,oe_test_storage_fileCMD_file,通过,
,oe_test_storage_ext3_resize,未通过（分析中）,
,oe_test_storage_fileCMD_zip,通过,
,oe_test_storage_lvm_snapshot_merge,未通过（分析中）,
,oe_test_storage_Mutipath_various_fields,未通过（分析中）,
,oe_test_storage_vfat_mount_write,未通过（分析中）,
,oe_test_storage_longname_modify,未通过（分析中）,
,oe_test_storage_fileCMD_cd,通过,
,oe_test_storage_lvm_add_VG,未通过（分析中）,
,oe_test_storage_lvm_cling,未通过（分析中）,
,oe_test_storage_lvm_set_limit,未通过（分析中）,
,oe_test_storage_fileCMD_mkdir,通过,
,oe_test_storage_fileCMD_cat,未通过（分析中）,
,oe_test_storage_fileCMD_ln,通过,
,oe_test_storage_fileCMD_grep,通过,
,oe_test_storage_ext3_mount_write,未通过（分析中）,
,oe_test_storage_mount_prevent_copy,通过,
,oe_test_storage_longname_list,未通过（分析中）,
,oe_test_storage_lvm_set_lvconvert_raid,未通过（分析中）,
,oe_test_storage_fileCMD_sort,通过,
,oe_test_storage_fileCMD_df,通过,
,oe_test_storage_repair_xfs,未通过（分析中）,
,oe_test_storage_mount_copy,未通过（分析中）,
,oe_test_storage_lvm_activation_missing,未通过（分析中）,
,oe_test_storage_DevMgmt_fstrim,通过,
,oe_test_storage_Mutipath_configure_section,未通过（分析中）,
,oe_test_storage_mount_repeat,未通过（分析中）,
,oe_test_storage_diskpartiton_parted_view,通过,
,oe_test_storage_lvm_VG_transfer,通过,
,oe_test_storage_diskpartiton_fdisk_settype,未通过（分析中）,
,oe_test_storage_Mutipath_dmsetup,未通过（分析中）,
,oe_test_storage_lvm_print,通过,
,oe_test_storage_lvm_query_lvmsnap,未通过（分析中）,
,oe_test_storage_diskpartiton_parted_delete,通过,
,oe_test_storage_fileaccess_bashrc,通过,
,oe_test_storage_fileCMD_mkfs,未通过（分析中）,
,oe_test_storage_fileCMD_dd,未通过（分析中）,
,oe_test_storage_lvm_set_lvconvert_volume,通过,
,oe_test_storage_mount_private,通过,
,oe_test_storage_Mutipath_configure_device,未通过（分析中）,
,oe_test_storage_ext4_mount_write,未通过（分析中）,
,oe_test_storage_xfs_create,未通过（分析中）,
,oe_test_storage_lvm_rename_VG,通过,
,oe_test_storage_fileCMD_unzip,通过,
,oe_test_storage_fileCMD_tar,通过,
,oe_test_storage_lvm_create_cache,未通过（分析中）,
,oe_test_storage_lvm_raid_synchronization,未通过（分析中）,
,oe_test_storage_lvm_print_history,通过,
,oe_test_storage_DevMgmt_block_drop,未通过（分析中）,
,oe_test_storage_fileCMD_chmod,通过,
,oe_test_storage_lvm_print_info,通过,
,oe_test_storage_lvm_set_label,未通过（分析中）,
,oe_test_storage_diskpartiton_create_raid0,未通过（分析中）,
,oe_test_storage_lvm_create_thinSnapshot,未通过（分析中）,
,oe_test_storage_fileCMD_wc,通过,
,oe_test_storage_Mutipath_configure_blacklist,未通过（分析中）,
,oe_test_storage_fileCMD_pwd,未通过（分析中）,
,oe_test_storage_diskpartiton_view_fdisk,未通过（分析中）,
,oe_test_storage_lvm_specify_size,未通过（分析中）,
,oe_test_storage_Mutipath_configure_parameter,通过,
,oe_test_storage_lvm_change_number,未通过（分析中）,
,oe_test_storage_fileCMD_rmdir,通过,
,oe_test_storage_diskpartiton_view_lsblk,通过,
,oe_test_storage_lvm_snapshot_tag,未通过（分析中）,
,oe_test_storage_xfs_Increase_size,未通过（分析中）,
,oe_test_storage_mount_block_device,未通过（分析中）,
,oe_test_storage_mount_mobile_point,未通过（分析中）,
,oe_test_storage_Mutipath_mpathconf,未通过（分析中）,
,oe_test_storage_mount_umount,未通过（分析中）,
,oe_test_storage_lvm_separate_raid,未通过（分析中）,
,oe_test_storage_xfs_backup,未通过（分析中）,
,oe_test_storage_lvm_help_info,通过,
,oe_test_storage_DevMgmt_lsblk,未通过（分析中）,
,oe_test_storage_lvm_create_raid,未通过（分析中）,
,oe_test_storage_lvm_expand_stripeLV,未通过（分析中）,
,oe_test_storage_lvm_rename,通过,
,oe_test_storage_Mutipath_configure_defaults,未通过（分析中）,
,oe_test_storage_mount_findmnt,未通过（分析中）,
,oe_test_storage_diskpartiton_parted_resize,未通过（分析中）,
,oe_test_storage_lvm_pvs,通过,
,oe_test_storage_ext3_create,未通过（分析中）,
,oe_test_storage_diskpartiton_parted_create,通过,
,oe_test_storage_lvm_resize_PV,通过,
,oe_test_storage_lvm_replace_badraid,未通过（分析中）,
,oe_test_storage_ext4_mount,未通过（分析中）,
,oe_test_storage_lvm_set_lvconvert_raid1,未通过（分析中）,
,oe_test_storage_diskpartiton_create_raid1,未通过（分析中）,
samba,oe_test_service_samba,未通过（分析中）,
,oe_test_service_smb,未通过（分析中）,
,oe_test_service_ctdb,通过,
,oe_test_service_winbind,未通过（分析中）,
,oe_test_service_nmb,未通过（分析中）,
nginx,oe_test_nginx_concurrent,未通过（分析中）,
,oe_test_service_nginx,通过,
policycoreutils,oe_test_service_restorecond,未通过（分析中）,
,oe_test_target_selinux-autorelabel,通过,
,oe_test_service_selinux-autorelabel,通过,
,oe_test_service_selinux-autorelabel-mark,通过,
easymock,oe_test_easymock_parms_match,通过,
,oe_test_easymock_mock_abnormal,通过,
,oe_test_easymock_parms_abnormal,通过,
,oe_test_easymock_createNiceMock,通过,
,oe_test_easymock_order_abnormal,通过,
,oe_test_easymock_junit4,通过,
,oe_test_easymock_frequency_abnormal,通过,
,oe_test_easymock_set_parms,通过,
,oe_test_easymock_junit5,通过,
,oe_test_easymock_simulate_object,通过,
,oe_test_easymock_spring,未通过（分析中）,
,oe_test_easymock_simulate_interface,通过,
sqlite-jdbc,oe_test_sqlite-jdbc_connect,通过,
tigervnc,oe_test_socket_xvnc,通过,
rtkit,oe_test_service_rtkit-daemon,通过,
autofs,oe_test_service_autofs,未通过（分析中）,
libgpg-error,oe_test_libgpg-error,通过,
qperf,oe_test_qperf_01,未通过（分析中）,
openjade,oe_test_openjade_openjade_04,通过,
,oe_test_openjade_jade_02,通过,
,oe_test_openjade_jade_01,通过,
,oe_test_openjade_openjade_02,通过,
,oe_test_openjade_jade_03,通过,
,oe_test_openjade_openjade_01,通过,
,oe_test_openjade_openjade_03,通过,
kubernetes,oe_test_service_kube-proxy,未通过（分析中）,
,oe_test_service_kube-apiserver,未通过（分析中）,
,oe_test_service_kubelet,未通过（分析中）,
,oe_test_service_kube-scheduler,未通过（分析中）,
,oe_test_service_kube-controller-manager,未通过（分析中）,
geos,oe_test_geos_commandAndbaseFun,未通过（分析中）,
dhcp,oe_test_service_dhcrelay,未通过（分析中）,
,oe_test_allocate_ipv6_addresses_dhcpd,通过,
,oe_test_service_dhcpd6,未通过（分析中）,
,oe_test_allocate_ipv4_addresses_dhcpd,通过,
,oe_test_service_dhcpd,未通过（分析中）,
lxc,oe_test_lxc_stop_top,未通过（分析中）,
,oe_test_lxc_execute_freeze,通过,
,oe_test_lxc_autostart_cgroup,未通过（分析中）,
,oe_test_lxc_unshare_update,通过,
,oe_test_lxc_ls_monitor,未通过（分析中）,
,oe_test_service_lxc,通过,
,oe_test_lxc_snapshot_start,未通过（分析中）,
,oe_test_service_lxc-net,未通过（分析中）,
,oe_test_lxc_checkconfig_console,通过,
,oe_test_lxc_unfreeze_destroy,未通过（分析中）,
,oe_test_lxc_create_attach,未通过（分析中）,
,oe_test_lxc_info,未通过（分析中）,
,oe_test_lxc_device_copy,未通过（分析中）,
nss_wrapper,oe_test_nss_wrapper,通过,
digest-list-tools,oe_test_service_setup-ima-digest-lists,未通过（分析中）,
nagios,oe_test_service_nagios,通过,
fastdfs,oe_test_fastdfs_03,未通过（分析中）,
,oe_test_fastdfs_02,未通过（分析中）,
,oe_test_fastdfs_04,未通过（分析中）,
,oe_test_fastdfs_01,未通过（分析中）,
doxygen,oe_test_doxygen,通过,
authz,oe_test_service_authz,通过,
stunnel,oe_test_service_stunnel,通过,
jq,oe_test_jq,通过,
kernel,oe_test_kernel_cmd_01,未通过（分析中）,
,oe_test_kernel_cmd_03,通过,
,oe_test_kernel_cmd_02,通过,
,oe_test_service_cpupower,未通过（分析中）,
pacemaker,oe_test_service_pacemaker_remote,通过,
,oe_test_service_crm_mon,通过,
dnsmasq,oe_test_service_dnsmasq,通过,
pesign,oe_test_pesign_pesign-client_02,通过,
,oe_test_pesign_pesign-client_01,通过,
,oe_test_pesign_base_02,未通过（分析中）,
,oe_test_pesign_authvar,通过,
,oe_test_pesign_pesigcheck,通过,
,oe_test_pesign_efisiglist,未通过（分析中）,
,oe_test_pesign_efikeygen,未通过（分析中）,
,oe_test_service_pesign,通过,
,oe_test_pesign_base_01,通过,
vsftpd,oe_test_service_vsftpd,通过,
,oe_test_target_vsftpd,通过,
libesmtp,oe_test_libesmtp,未通过（分析中）,
mlocate,oe_test_service_mlocate-updatedb,通过,
libarchive,oe_test_libarchive_bsdtar,通过,
,oe_test_libarchive_bsdcpio,未通过（分析中）,
scsi-target-utils,oe_test_service_tgtd,通过,
e2fsprogs,oe_test_service_e2scrub_reap,通过,
,oe_test_service_e2scrub_all,通过,
tang,oe_test_service_tangd-update,通过,
,oe_test_socket_tangd,通过,
,oe_test_service_tangd-keygen,通过,
wsmancli,oe_test_wsmancli_wsman_03,通过,
,oe_test_wsmancli_wsman_01,通过,
,oe_test_wsmancli_wsman_04,通过,
,oe_test_wsmancli_wseventmgr_01,未通过（分析中）,
,oe_test_wsmancli_wseventmgr_02,未通过（分析中）,
,oe_test_wsmancli_wsman_07,未通过（分析中）,
,oe_test_wsmancli_wseventmgr_03,通过,
,oe_test_wsmancli_wsman_05,未通过（分析中）,
,oe_test_wsmancli_wseventmgr_04,通过,
,oe_test_wsmancli_wsman_06,未通过（分析中）,
,oe_test_wsmancli_wsman_02,未通过（分析中）,
redis,oe_test_redis_01,通过,
,oe_test_service_redis,通过,
,oe_test_service_redis-sentinel,通过,
,oe_test_redis_02,未通过（分析中）,
zerofree,oe_test_zerofree,通过,
pcp-export-pcp2xml,oe_test_pcp2xml_04,通过,
,oe_test_pcp2xml_01,通过,
,oe_test_pcp2xml_02,通过,
,oe_test_pcp2xml_03,通过,
cyrus-sasl,oe_test_service_saslauthd,通过,
spawn-fcgi,oe_test_service_spawn-fcgi,未通过（分析中）,
PackageKit,oe_test_service_packagekit,未通过（分析中）,
,oe_test_service_packagekit-offline-update,通过,
libvirt,oe_test_socket_libvirtd-tls,通过,
,oe_test_socket_virtlogd-admin,通过,
,oe_test_socket_virtsecretd-admin,通过,
,oe_test_socket_virtnodedevd-ro,通过,
,oe_test_socket_virtstoraged-ro,通过,
,oe_test_socket_libvirtd-ro,通过,
,oe_test_socket_virtnetworkd,通过,
,oe_test_socket_virtlockd,通过,
,oe_test_service_libvirt-guests,通过,
,oe_test_socket_virtqemud-ro,通过,
,oe_test_service_virtnwfilterd,通过,
,oe_test_socket_virtproxyd-tcp,通过,
,oe_test_service_virtlogd,通过,
,oe_test_service_virtnetworkd,通过,
,oe_test_socket_virtstoraged,通过,
,oe_test_service_virtproxyd,通过,
,oe_test_service_virtinterfaced,通过,
,oe_test_socket_libvirtd-admin,通过,
,oe_test_service_virtstoraged,通过,
,oe_test_service_virtnodedevd,通过,
,oe_test_socket_libvirtd-tcp,通过,
,oe_test_socket_virtsecretd,通过,
,oe_test_socket_virtlogd,通过,
,oe_test_service_virtqemud,通过,
,oe_test_service_virtlockd,通过,
,oe_test_socket_virtinterfaced-ro,通过,
,oe_test_socket_virtstoraged-admin,通过,
,oe_test_service_virtsecretd,通过,
,oe_test_socket_virtnwfilterd,通过,
,oe_test_socket_virtnodedevd,通过,
,oe_test_socket_virtlockd-admin,通过,
,oe_test_socket_virtqemud-admin,通过,
,oe_test_socket_libvirtd,通过,
,oe_test_socket_virtnwfilterd-ro,通过,
,oe_test_socket_virtnetworkd-ro,通过,
,oe_test_socket_virtsecretd-ro,通过,
,oe_test_socket_virtproxyd,通过,
,oe_test_socket_virtnodedevd-admin,通过,
,oe_test_socket_virtnetworkd-admin,通过,
,oe_test_service_libvirtd,通过,
,oe_test_socket_virtqemud,通过,
,oe_test_target_virt-guest-shutdown,通过,
,oe_test_socket_virtproxyd-admin,通过,
,oe_test_socket_virtnwfilterd-admin,通过,
,oe_test_socket_virtproxyd-tls,通过,
,oe_test_socket_virtinterfaced-admin,通过,
,oe_test_socket_virtproxyd-ro,通过,
,oe_test_socket_virtinterfaced,通过,
mt-st,oe_test_service_stinit,通过,
munge,oe_test_service_munge,通过,
gpm,oe_test_service_gpm,通过,
bluez,oe_test_service_bluetooth,通过,
,oe_test_service_bluetooth-mesh,通过,
open-isns,oe_test_service_isnsd,通过,
lldpad,oe_test_socket_lldpad,通过,
,oe_test_service_lldpad,未通过（分析中）,
openssl,oe_test_openssl_RSA_algorithm,未通过（分析中）,
,oe_test_openssl_repeat_restart,未通过（分析中）,
,oe_test_openssl_concurrent_operations,通过,
,oe_test_openssl_reliability,未通过（分析中）,
,oe_test_openssl_create_CA_applying_certificate,未通过（分析中）,
,oe_test_openssl_DSA_algorithm,未通过（分析中）,
,oe_test_openssl_generate_key_pair,未通过（分析中）,
,oe_test_openssl_expired_certificate,未通过（分析中）,
,oe_test_openssl_delete_configuration_file,未通过（分析中）,
,oe_test_openssl_generate_random_number,通过,
,oe_test_openssl_file_signature_verification,未通过（分析中）,
,oe_test_openssl_encrypte_decrypte_emails,未通过（分析中）,
,oe_test_openssl_message_digest,通过,
,oe_test_openssl_repeated_execution,通过,
,oe_test_openssl_generate_password,未通过（分析中）,
,oe_test_openssl_empty_private_key,未通过（分析中）,
,oe_test_openssl_encrypt_decrypt_file_asymmetrically,未通过（分析中）,
,oe_test_openssl_symmetrically_encrypts_decrypts_files,通过,
,oe_test_openssl_one_way_encryption,通过,
,oe_test_openssl_empty_public_key,未通过（分析中）,
,oe_test_openssl_encrypting_character_string,通过,
,oe_test_openssl_incorrect_public_private_key,未通过（分析中）,
,oe_test_openssl_remove_mod_ssl,未通过（分析中）,
,oe_test_openssl_symmetric_encryption_decryption,通过,
,oe_test_openssl_enc,通过,
,oe_test_openssl_related_concurrent_operations,通过,
,oe_test_openssl_Diffie_Hellman,未通过（分析中）,
,oe_test_openssl_Implements_https,未通过（分析中）,
gperf,oe_test_gperf_base_06,通过,
,oe_test_gperf_base_01,通过,
,oe_test_gperf_base_07,通过,
,oe_test_gperf_base_05,通过,
,oe_test_gperf_base_04,通过,
,oe_test_gperf_base_02,通过,
,oe_test_gperf_base_03,通过,
net-snmp,oe_test_net-snmp_02,未通过（分析中）,
,oe_test_service_snmpd,通过,
,oe_test_net-snmp_01,未通过（分析中）,
,oe_test_service_snmptrapd,通过,
sysstat,oe_test_service_sysstat,通过,
,oe_test_service_sysstat-collect,通过,
,oe_test_sysstat_iostat,通过,
,oe_test_service_sysstat-summary,通过,
libcgroup,oe_test_service_cgconfig,通过,
opensm,oe_test_service_opensm,通过,
patchutils,oe_test_patchutils_grepdiff_02,通过,
,oe_test_patchutils_splitdiff,通过,
,oe_test_patchutils_filterdiff_02,通过,
,oe_test_patchutils_interdiff_01,未通过（分析中）,
,oe_test_patchutils_lsdiff_01,通过,
,oe_test_patchutils_lsdiff_04,通过,
,oe_test_patchutils_filterdiff_03,通过,
,oe_test_patchutils_grepdiff_01,通过,
,oe_test_patchutils_grepdiff_04,通过,
,oe_test_patchutils_lsdiff_02,通过,
,oe_test_patchutils_filterdiff_01,通过,
,oe_test_patchutils_interdiff_02,通过,
,oe_test_patchutils_combinediff_02,通过,
,oe_test_patchutils_flipdiff_02,通过,
,oe_test_patchutils_grepdiff_03,通过,
,oe_test_patchutils_combinediff_01,未通过（分析中）,
,oe_test_patchutils_lsdiff_03,通过,
,oe_test_patchutils_flipdiff_01,未通过（分析中）,
ipvsadm,oe_test_ipvs_MOD_01,未通过（分析中）,
,oe_test_service_ipvsadm,通过,
,oe_test_ipvs_ADD_01,未通过（分析中）,
,oe_test_ipvs_DEL_01,未通过（分析中）,
,oe_test_ipvs_WRONG_COMMAND_01,未通过（分析中）,
glusterfs,oe_test_service_glusterfssharedstorage,通过,
,oe_test_service_gluster-ta-volume,通过,
,oe_test_service_glusterfsd,通过,
,oe_test_service_glustereventsd,通过,
,oe_test_service_glusterd,通过,
zvbi,oe_test_service_zvbid,未通过（分析中）,
libunistring,oe_test_libunistring,通过,
tomcat,oe_test_tomcat_001,通过,
,oe_test_service_tomcat,通过,
,oe_test_service_tomcat-jsvc,未通过（分析中）,
rasqal,oe_test_roqet_base_02,通过,
,oe_test_roqet_base_03,通过,
,oe_test_roqet_base_01,通过,
,oe_test_roqet_base_04,通过,
clang,oe_test_clang_01,通过,
,oe_test_clang_03,通过,
,oe_test_clang_02,通过,
ntp,oe_test_service_ntp-wait,通过,
,oe_test_service_ntpdate,通过,
,oe_test_service_ntpd,通过,
,oe_test_service_sntp,通过,
kmod,oe_test_kmod,通过,
,oe_test_weak-modules,未通过（分析中）,
,oe_test_modinfo,未通过（分析中）,
,oe_test_depmod,未通过（分析中）,
,oe_test_rmmod,未通过（分析中）,
,oe_test_modprobe,未通过（分析中）,
,oe_test_insmod-lsmod,未通过（分析中）,
opensp,oe_test_opensp_osx,通过,
,oe_test_opensp_ospam_spam,通过,
,oe_test_opensp_onsgmls,通过,
,oe_test_opensp_ospcat,通过,
,oe_test_opensp_ospent_spent,通过,
,oe_test_opensp_osgmlnorm,通过,
podman,oe_test_podman_DK_12,未通过（分析中）,
,oe_test_podman_11,未通过（分析中）,
,oe_test_podman_DK_08,未通过（分析中）,
,oe_test_podman_DK_02,未通过（分析中）,
,oe_test_podman_DK_07,未通过（分析中）,
,oe_test_podman_DK_15,未通过（分析中）,
,oe_test_podman_23,未通过（分析中）,
,oe_test_podman_16,未通过（分析中）,
,oe_test_podman_DK_20,未通过（分析中）,
,oe_test_service_podman,未通过（分析中）,
,oe_test_podman_17,未通过（分析中）,
,oe_test_podman_DK_01,未通过（分析中）,
,oe_test_podman_DK_04,未通过（分析中）,
,oe_test_podman_DK_23,未通过（分析中）,
,oe_test_podman_22,未通过（分析中）,
,oe_test_podman_DK_22,未通过（分析中）,
,oe_test_podman_DK_16,未通过（分析中）,
,oe_test_podman_28,未通过（分析中）,
,oe_test_podman_DK_21,未通过（分析中）,
,oe_test_podman_13,未通过（分析中）,
,oe_test_podman_06,未通过（分析中）,
,oe_test_podman_DK_03,未通过（分析中）,
,oe_test_podman_09,未通过（分析中）,
,oe_test_podman_DK_14,未通过（分析中）,
,oe_test_socket_podman,未通过（分析中）,
,oe_test_podman_DK_26,未通过（分析中）,
,oe_test_podman_DK_24,未通过（分析中）,
,oe_test_podman_DK_05,未通过（分析中）,
,oe_test_podman_DK_17,未通过（分析中）,
,oe_test_podman_10,未通过（分析中）,
,oe_test_podman_01,未通过（分析中）,
,oe_test_podman_25,未通过（分析中）,
,oe_test_podman_DK_28,未通过（分析中）,
,oe_test_podman_04,未通过（分析中）,
,oe_test_podman_14,未通过（分析中）,
,oe_test_podman_07,未通过（分析中）,
,oe_test_podman_DK_09,未通过（分析中）,
,oe_test_podman_15,未通过（分析中）,
,oe_test_podman_20,未通过（分析中）,
,oe_test_podman_DK_25,未通过（分析中）,
,oe_test_podman_DK_19,未通过（分析中）,
,oe_test_podman_DK_06,未通过（分析中）,
,oe_test_podman_26,未通过（分析中）,
,oe_test_podman_05,未通过（分析中）,
,oe_test_podman_21,未通过（分析中）,
,oe_test_podman_03,未通过（分析中）,
,oe_test_podman_DK_27,未通过（分析中）,
,oe_test_podman_18,未通过（分析中）,
,oe_test_podman_12,未通过（分析中）,
,oe_test_podman_02,未通过（分析中）,
,oe_test_podman_DK_13,未通过（分析中）,
,oe_test_podman_DK_10,未通过（分析中）,
,oe_test_podman_08,未通过（分析中）,
,oe_test_podman_19,未通过（分析中）,
,oe_test_podman_DK_18,未通过（分析中）,
,oe_test_podman_DK_11,未通过（分析中）,
,oe_test_podman_27,未通过（分析中）,
,oe_test_podman_24,未通过（分析中）,
strongswan,oe_test_service_strongswan-swanctl,未通过（分析中）,
,oe_test_service_strongswan,未通过（分析中）,
hostname,oe_test_service_nis-domainname,未通过（分析中）,
openssh,oe_test_sec_ssh,未通过（分析中）,
,oe_test_service_sshd,通过,
,oe_test_target_sshd-keygen,通过,
,oe_test_start_ssh,通过,
,oe_test_sec_jump_login,未通过（分析中）,
,oe_test_openssh_cipher,未通过（分析中）,
,oe_test_socket_sshd,通过,
mysql_server,oe_test_mysql_ibd2sdi_001,通过,
,oe_test_mysql_mysqlslap_001,通过,
,oe_test_mysql_mysqlshow_001,通过,
,oe_test_mysql_timezone_001,通过,
,oe_test_mysql_innochecksum_001,通过,
,oe_test_mysql_myisam_myisamchk_001,通过,
,oe_test_mysql_myisam_ftdump_001,通过,
,oe_test_mysql_ssl_rsa_setup_001,通过,
,oe_test_mysql_secure_installation_001,通过,
pigz,oe_test_pigz,未通过（分析中）,
opencc,oe_test_opencc_01,通过,
fcgi,oe_test_fcgi,未通过（分析中）,
nvmetcli,oe_test_service_nvmet,未通过（分析中）,
ImageMagick,oe_test_ImageMagick_01,通过,
,oe_test_ImageMagick_03,通过,
,oe_test_ImageMagick_07,通过,
,oe_test_ImageMagick_08,通过,
,oe_test_ImageMagick_02,通过,
,oe_test_ImageMagick_05,通过,
,oe_test_ImageMagick_06,通过,
,oe_test_ImageMagick_04,通过,
amanda,oe_test_socket_kamanda,通过,
,oe_test_socket_amanda,通过,
,oe_test_service_amanda-udp,通过,
,oe_test_socket_amanda-udp,通过,
raptor2,oe_test_raptor2_rapper_base_02,通过,
,oe_test_raptor2_rapper_base_03,通过,
,oe_test_raptor2_rapper_base_01,通过,
,oe_test_raptor2_rapper_base_04,通过,
hsqldb,oe_test_service_hsqldb,通过,
ipset,oe_test_service_ipset,未通过（分析中）,
rasdaemon,oe_test_service_ras-mc-ctl,未通过（分析中）,
,oe_test_service_rasdaemon,通过,
pngquant,oe_test_pngquant,通过,
ttmkfdir,oe_test_ttmkfdir_base_02,通过,
,oe_test_ttmkfdir_base_01,通过,
udisks2,oe_test_service_udisks2,通过,
powertop,oe_test_powertop,通过,
,oe_test_service_powertop,通过,
clamav,oe_test_clamav_clamscan_3,未通过（分析中）,
,oe_test_clamav_freshclam,通过,
,oe_test_service_clamav-milter,通过,
,oe_test_clamav_clamsubmit,通过,
,oe_test_clamav_clamdscan_scan,通过,
,oe_test_clamav_clamscan_2,未通过（分析中）,
,oe_test_clamav_clambc,通过,
,oe_test_clamav_sigtool_1,通过,
,oe_test_clamav_clamav-milter,通过,
,oe_test_clamav_sigtool_2,通过,
,oe_test_clamav_clamdscan_service,通过,
,oe_test_clamav_clamdtop,未通过（分析中）,
,oe_test_clamav_clamconf,通过,
,oe_test_clamav_clamscan_1,通过,
,oe_test_service_clamav-clamonacc,未通过（分析中）,
,oe_test_clamav_clamonacc,未通过（分析中）,
geoclue2,oe_test_service_geoclue,未通过（分析中）,
cpio,oe_test_cpio,通过,
quota,oe_test_service_rpc-rquotad,通过,
,oe_test_service_quota_nld,未通过（分析中）,
xfsprogs,oe_test_service_xfs_scrub_all,通过,
openvswitch,oe_test_service_ovn-northd,未通过（分析中）,
,oe_test_service_ovs-vswitchd,未通过（分析中）,
,oe_test_service_ovsdb-server,未通过（分析中）,
,oe_test_service_ovn-controller-vtep,未通过（分析中）,
,oe_test_service_openvswitch,未通过（分析中）,
,oe_test_service_ovn-controller,未通过（分析中）,
,oe_test_service_openvswitch-ipsec,未通过（分析中）,
mariadb,oe_test_service_mariadb,通过,
,oe_test_mariadb-table,通过,
,oe_test_mariadb-db,通过,
vdo,oe_test_service_vdo,未通过（分析中）,
portreserve,oe_test_service_portreserve,通过,
open-iscsi,oe_test_open-iscsi_iscsistart_iscsiuio,未通过（分析中）,
,oe_test_service_iscsiuio,未通过（分析中）,
,oe_test_service_iscsid,未通过（分析中）,
,oe_test_service_iscsi,通过,
,oe_test_socket_iscsid,通过,
,oe_test_socket_iscsiuio,未通过（分析中）,
,oe_test_open-iscsi_iscsiadm,未通过（分析中）,
xmltoman,oe_test_xmltoman,通过,
yelp-tools,oe_test_yelp-check,通过,
,oe_test_yelp-new,未通过（分析中）,
,oe_test_yelp-build,未通过（分析中）,
procps-ng,oe_test_procps-ng-pmap,通过,
systemtap,oe_test_service_stap-server,通过,
,oe_test_service_systemtap,未通过（分析中）,
,oe_test_service_stap-exporter,通过,
cryptsetup,oe_test_luks_encrypted,未通过（分析中）,
,oe_test_encrypt_data,未通过（分析中）,
,oe_test_use_luks,未通过（分析中）,
gssproxy,oe_test_service_gssproxy,通过,
perl-Date-Manip,oe_test_perl-Date-Manip_dm_date,未通过（分析中）,
,oe_test_perl-Date-Manip_dm_zdump,通过,
erlang,oe_test_service_epmd,通过,
,oe_test_socket_epmd,通过,
apache-commons-daemon,oe_test_jsvc_base,未通过（分析中）,
fprintd,oe_test_service_fprintd,通过,
dracut,oe_test_service_dracut-pre-pivot,通过,
,oe_test_service_dracut-shutdown,未通过（分析中）,
,oe_test_service_dracut-pre-trigger,通过,
,oe_test_service_dracut-mount,通过,
,oe_test_service_dracut-pre-mount,通过,
,oe_test_service_dracut-initqueue,通过,
,oe_test_service_dracut-pre-udev,通过,
,oe_test_service_dracut-cmdline,通过,
lua-lunit,oe_test_lua-lunit_base,通过,
isula-build,oe_test_service_isula-build,未通过（分析中）,
nodejs,oe_test_nodejs_01,未通过（分析中）,
,oe_test_nodejs_03,未通过（分析中）,
,oe_test_nodejs_04,未通过（分析中）,
,oe_test_nodejs_02,未通过（分析中）,
redland,oe_test_redland_rdfproc_01,通过,
,oe_test_redland_rdfproc_02,通过,
etcd,oe_test_etcd_01,未通过（分析中）,
,oe_test_etcd_02,未通过（分析中）,
,oe_test_etcd_03,未通过（分析中）,
,oe_test_service_etcd,未通过（分析中）,
,oe_test_etcd_04,未通过（分析中）,
,oe_test_etcd_05,未通过（分析中）,
ruby,oe_test_ruby,未通过（分析中）,
,oe_test_irb_02,通过,
,oe_test_rdoc_01,未通过（分析中）,
,oe_test_rake_03,通过,
,oe_test_rake_02,通过,
,oe_test_rdoc_02,通过,
,oe_test_irb_03,未通过（分析中）,
,oe_test_ri,通过,
,oe_test_rake_01,通过,
,oe_test_gem,通过,
,oe_test_erb,未通过（分析中）,
,oe_test_irb_01,未通过（分析中）,
chrony,oe_test_service_chronyd,未通过（分析中）,
socat,oe_test_socat_filan,未通过（分析中）,
,oe_test_socat_procan,通过,
,oe_test_socat_03,通过,
,oe_test_socat_02,通过,
,oe_test_socat_01,通过,
dmidecode,oe_test_dmidecode,未通过（分析中）,
jemalloc,oe_test_jemalloc_01,通过,
,oe_test_jemalloc_02,通过,
iftop,oe_test_iftop_gui,未通过（分析中）,
junit5,oe_test_junit5_gradle,未通过（分析中）,
,oe_test_junit5_junit4,通过,
,oe_test_junit5_noimport,通过,
,oe_test_junit5_maven,通过,
,oe_test_junit5_annotation_timeout,通过,
,oe_test_junit5_abnormal_removejar,通过,
,oe_test_junit5_kotlin_maven,未通过（分析中）,
,oe_test_junit5_epeat,通过,
,oe_test_junit5_parametric,通过,
,oe_test_junit5_spring_maven,通过,
,oe_test_junit5_assert,通过,
,oe_test_junit5_annotation_tag,通过,
,oe_test_junit5_ant,通过,
pcsc-lite,oe_test_service_pcscd,通过,
,oe_test_socket_pcscd,通过,
scala,oe_test_scala_scalac_01,未通过（分析中）,
,oe_test_scala_fsc_01,未通过（分析中）,
,oe_test_scala_scalap,未通过（分析中）,
,oe_test_scala_scaladoc_04,未通过（分析中）,
,oe_test_scala_fsc_03,未通过（分析中）,
,oe_test_scala_scaladoc_06,未通过（分析中）,
,oe_test_scala_scaladoc_01,未通过（分析中）,
,oe_test_scala_scalac_02,未通过（分析中）,
,oe_test_scala_scaladoc_03,未通过（分析中）,
,oe_test_scala_scaladoc_05,未通过（分析中）,
,oe_test_scala_scalac_03,未通过（分析中）,
,oe_test_scala_fsc_02,未通过（分析中）,
,oe_test_scala_scaladoc_02,未通过（分析中）,
,oe_test_scala_fsc_04,未通过（分析中）,
,oe_test_scala,未通过（分析中）,
bind,oe_test_service_named-setup-rndc,通过,
,oe_test_service_named,通过,
,oe_test_service_named-chroot,通过,
,oe_test_service_named-chroot-setup,通过,
objectweb-asm3,oe_test_objectweb-asm3-processor,通过,
openslp,oe_test_service_slpd,通过,
postfix,oe_test_postfix_configuration,通过,
,oe_test_service_postfix,通过,
tftp,oe_test_socket_tftp,通过,
,oe_test_service_tftp,通过,
libosinfo,oe_test_osinfo-install-script,通过,
,oe_test_osinfo-query,通过,
,oe_test_osinfo-detect,未通过（分析中）,
libvma,oe_test_service_vma,通过,
colord,oe_test_service_colord,未通过（分析中）,
osc,oe_test_osc_03,通过,
,oe_test_osc_01,通过,
,oe_test_osc_04,未通过（分析中）,
,oe_test_osc_05,通过,
,oe_test_osc_02,通过,
,oe_test_osc_07,通过,
,oe_test_osc_06,通过,
,oe_test_osc_build,未通过（分析中）,
atune,oe_test_service_atuned,未通过（分析中）,
,oe_test_service_atune-engine,通过,
cmake,oe_test_ccmake3,未通过（分析中）,
,oe_test_ctest,通过,
,oe_test_cmake3,通过,
,oe_test_cpack3,通过,
,oe_test_ctest3,通过,
,oe_test_cmake,通过,
,oe_test_cpack,通过,
,oe_test_ccmake,未通过（分析中）,
